"DateTime","Depth","mod_chla","obs_chla"
2015-07-09,"0.1",3.4558618985744,1.2616
2015-07-09,"1",3.48904263290833,1.6584
2015-07-09,"10",4.55386009297158,1.8845
2015-07-09,"11",NA,2.1305
2015-07-09,"2",3.55318610555737,1.8925
2015-07-09,"3",3.59136566923316,2.1702
2015-07-09,"4",3.62934712342317,3.7293
2015-07-09,"5",3.67255110277965,1.2577
2015-07-09,"6",3.72831210633118,4.1142
2015-07-09,"7",2.25789291816892,19.6265
2015-07-09,"8",1.3549852683347,3.7373
2015-07-09,"9",2.04460017612324,2.3447
2015-07-16,"0.1",3.50539679729432,2.2376
2015-07-16,"1",3.51135859840495,2.9914
2015-07-16,"10",4.94347394121733,2.0988
2015-07-16,"11",NA,2.5828
2015-07-16,"2",3.55289676173228,4.0467
2015-07-16,"3",3.6238040707056,5.3679
2015-07-16,"4",3.69244394248351,8.5259
2015-07-16,"5",3.79495712639536,3.3802
2015-07-16,"6",4.03367774619669,4.7331
2015-07-16,"7",3.95877060117914,6.8516
2015-07-16,"8",2.17181558508325,2.5629
2015-07-16,"9",2.98398974731414,2.2495
2015-07-23,"0.1",3.52203787271737,1.9202
2015-07-23,"1",3.5233262241379,2.2971
2015-07-23,"10",6.09948446270025,2.0869
2015-07-23,"11",NA,2.6105
2015-07-23,"2",3.54195342718843,3.5072
2015-07-23,"3",3.63848851001727,6.1058
2015-07-23,"4",3.71892708696527,3.0668
2015-07-23,"5",3.92901520462075,2.3765
2015-07-23,"6",4.68702137613703,7.5301
2015-07-23,"7",4.94211284403386,4.5942
2015-07-23,"8",5.33917039543792,2.186
2015-07-23,"9",6.14216732449221,2.317
2015-07-30,"0.1",3.40390646383794,1.7695
2015-07-30,"1",3.40409348891276,2.1226
2015-07-30,"10",9.15803398150037,2.2654
2015-07-30,"11",NA,2.7692
2015-07-30,"2",3.42529217197027,3.4
2015-07-30,"3",3.64371106018584,2.7256
2015-07-30,"4",3.74406224220004,2.4598
2015-07-30,"5",3.86318416515478,6.2645
2015-07-30,"6",4.77986201782969,6.4509
2015-07-30,"7",5.93251437822923,3.162
2015-07-30,"8",4.94140623527418,2.3923
2015-07-30,"9",1.75916085381353,2.1345
2015-09-04,"0.1",3.28583548184169,1.3605
2015-09-04,"1",3.28402530011608,1.1835
2015-09-04,"10",11.4532027575356,2.0523
2015-09-04,"11",NA,2.6486
2015-09-04,"2",3.32128986517838,1.5285
2015-09-04,"3",3.77553034462637,2.2975
2015-09-04,"4",4.06055320024596,6.6675
2015-09-04,"5",4.32736557997611,3.9288
2015-09-04,"6",5.60379366040299,2.2517
2015-09-04,"7",10.0228316734376,16.7341
2015-09-04,"8",11.3630065543609,5.5031
2015-09-04,"9",11.4335972857821,3.1917
2015-09-18,"0.1",3.35197537265293,0.68
2015-09-18,"1",3.35203670935429,0.6014
2015-09-18,"10",9.6824254135038,1.7676
2015-09-18,"11",NA,1.7383
2015-09-18,"2",3.42430916235932,1.4111
2015-09-18,"3",3.94187935272009,2.2042
2015-09-18,"4",4.15328900289698,2.3046
2015-09-18,"5",4.39844675653116,2.3284
2015-09-18,"6",3.41061761373318,5.3493
2015-09-18,"7",9.39217812577938,11.0312
2015-09-18,"8",9.60313467083019,3.414
2015-09-18,"9",9.68112909661664,2.3425
2015-10-02,"0.1",3.15699336407941,3.7138
2015-10-02,"1",3.14831102068209,3.6845
2015-10-02,"10",0.90461546731669,1.2949
2015-10-02,"11",0.903497055180204,1.405
2015-10-02,"2",3.12094912574922,3.8343
2015-10-02,"3",2.64571274245474,3.9688
2015-10-02,"4",1.28185718800211,4.1257
2015-10-02,"5",0.463696507191613,3.3988
2015-10-02,"6",0.0559918938765409,2.1567
2015-10-02,"7",0.0559918938765409,9.6884
2015-10-02,"8",0.0559918938765409,1.6173
2015-10-02,"9",0.904472730239194,1.4075
2015-10-23,"0.1",2.11984106670066,1.477
2015-10-23,"1",2.1226700739087,1.2161
2015-10-23,"10",2.86963731757115,1.5731
2015-10-23,"11",NA,1.506
2015-10-23,"2",2.03727694982442,2.2141
2015-10-23,"3",0.449168056877132,3.4889
2015-10-23,"4",0.87154646003576,4.3803
2015-10-23,"5",1.71139545164166,4.2147
2015-10-23,"6",2.79393135882441,4.7239
2015-10-23,"7",2.82426018742676,2.1679
2015-10-23,"8",2.83711026207087,1.8901
2015-10-23,"9",2.86231999469284,2.0881
2016-05-12,"0.1",1.88468486316702,2.0968
2016-05-12,"1",1.95689720342354,1.8037
2016-05-12,"10",3.61351215549932,1.7506
2016-05-12,"11",3.65685038324006,2.2729
2016-05-12,"2",2.41803112467444,1.7181
2016-05-12,"3",3.10287789911113,1.1894
2016-05-12,"4",3.41993923894634,0.9774
2016-05-12,"5",3.65344581610644,1.8837
2016-05-12,"6",3.21690866827933,6.3359
2016-05-12,"7",1.62168930992174,9.4124
2016-05-12,"8",0.99395181420132,5.4801
2016-05-12,"9",0.488293815610489,2.0957
2016-05-19,"0.1",1.94068952879815,2.1148
2016-05-19,"1",2.06476247337183,2.2907
2016-05-19,"10",3.51815765937447,2.3203
2016-05-19,"11",3.53980020509008,1.9943
2016-05-19,"2",2.65186022460027,2.4572
2016-05-19,"3",3.27279975616113,2.5183
2016-05-19,"4",3.50978296328991,2.5873
2016-05-19,"5",3.50907362608632,4.1614
2016-05-19,"6",2.5890071518481,10.6006
2016-05-19,"7",2.09705629043006,11.4456
2016-05-19,"8",3.76762272004724,6.7556
2016-05-19,"9",3.49687597783269,3.4048
2016-05-26,"0.1",2.08952729549516,2.6801
2016-05-26,"1",2.25837240158325,2.5953
2016-05-26,"10",3.68258510850484,2.2165
2016-05-26,"11",3.67882241521682,2.0333
2016-05-26,"2",3.06977990666159,1.628
2016-05-26,"3",3.63094352307226,1.6141
2016-05-26,"4",3.74611623663939,2.5598
2016-05-26,"5",3.81721156389476,4.8984
2016-05-26,"6",3.57583737186017,11.7507
2016-05-26,"7",3.57606272130559,12.1057
2016-05-26,"8",3.52636294578092,5.794
2016-05-26,"9",3.71918035105146,2.4821
2016-05-29,"0.1",2.153182840592,1.9913
2016-05-29,"1",2.38897263569328,2.2771
2016-05-29,"10",3.77129694298344,2.6097
2016-05-29,"11",3.76704795028663,2.3126
2016-05-29,"2",3.2481180792571,2.1907
2016-05-29,"3",3.65438695207173,1.9044
2016-05-29,"4",3.77435823169744,2.8224
2016-05-29,"5",3.86144462267406,4.6187
2016-05-29,"6",3.57136217332727,12.4194
2016-05-29,"7",3.53471422793843,15.7481
2016-05-29,"8",3.77013038911868,8.4722
2016-05-29,"9",3.69193575874393,4.6792
2016-05-31,"0.1",2.22128262471664,2.2409
2016-05-31,"1",2.43322213869694,1.7069
2016-05-31,"10",3.91260507456836,3.1415
2016-05-31,"11",3.90864351738781,1.961
2016-05-31,"2",3.26502859702574,1.7643
2016-05-31,"3",3.61935546259859,2.1954
2016-05-31,"4",3.76834666463897,2.9272
2016-05-31,"5",3.91990844810419,3.399
2016-05-31,"6",3.53132819375081,9.1622
2016-05-31,"7",3.57927280092653,13.4857
2016-05-31,"8",3.72649281040873,7.753
2016-05-31,"9",3.85327856218171,5.9081
2016-06-02,"0.1",2.27947857364244,0.9917
2016-06-02,"1",2.54719837332121,1.2043
2016-06-02,"10",3.9570235768678,2.5571
2016-06-02,"11",3.95235738089311,2.0399
2016-06-02,"2",3.30218533906365,1.8583
2016-06-02,"3",3.62795876488948,2.0331
2016-06-02,"4",3.87170024930586,2.6481
2016-06-02,"5",3.86743104074416,3.4838
2016-06-02,"6",3.57378993291194,9.1571
2016-06-02,"7",3.56601726850462,13.3313
2016-06-02,"8",3.84500745577824,9.2639
2016-06-02,"9",3.97959832550354,5.6189
2016-06-07,"0.1",2.57422345937879,0.8172
2016-06-07,"1",2.61215566446615,0.886
2016-06-07,"10",4.90078945485424,2.2284
2016-06-07,"11",NA,1.9462
2016-06-07,"2",3.29735113663875,2.0433
2016-06-07,"3",3.55371658489221,1.7354
2016-06-07,"4",3.7023706535298,3.6439
2016-06-07,"5",3.79107822454334,5.2949
2016-06-07,"6",3.59543058483834,7.3737
2016-06-07,"7",3.57884444339343,12.4755
2016-06-07,"8",4.27507605345557,10.6524
2016-06-07,"9",4.86204404648101,4.3583
2016-06-08,"0.1",2.61590378612641,1.6576
2016-06-08,"1",2.66456073555327,1.7209
2016-06-08,"10",5.32868217269984,2.7959
2016-06-08,"11",NA,2.0249
2016-06-08,"2",3.35171734068853,1.68
2016-06-08,"3",3.57134962962044,3.0393
2016-06-08,"4",3.74417330789423,3.4218
2016-06-08,"5",3.88826855305873,5.0353
2016-06-08,"6",3.57068241428575,5.8291
2016-06-08,"7",3.69842965732918,13.1847
2016-06-08,"8",4.47045799609756,8.6248
2016-06-08,"9",5.31797249491805,2.7461
2016-06-16,"0.1",2.85798478047241,0.6474
2016-06-16,"1",2.87356144147821,0.5938
2016-06-16,"10",14.3419191589825,3.1106
2016-06-16,"11",NA,3.0563
2016-06-16,"2",3.39360379713792,0.8846
2016-06-16,"3",3.5063291144016,0.9545
2016-06-16,"4",3.53721731459951,1.1019
2016-06-16,"5",3.58612627435875,1.7305
2016-06-16,"6",3.67497764785137,2.4922
2016-06-16,"7",4.45508412936586,7.8514
2016-06-16,"8",9.5137566894893,12.1831
2016-06-16,"9",14.1139852611187,5.7666
2016-06-23,"0.1",2.85157848914789,2.4143
2016-06-23,"1",2.85171651386412,2.4225
2016-06-23,"10",30.6691827999462,3.5042
2016-06-23,"11",NA,3.3351
2016-06-23,"2",2.91807065551078,2.519
2016-06-23,"3",3.36987199272296,2.4324
2016-06-23,"4",3.4344500332077,2.2652
2016-06-23,"5",3.4821906869295,3.1151
2016-06-23,"6",3.7164668555264,2.0117
2016-06-23,"7",4.77456515791944,1.9482
2016-06-23,"8",13.2222100261932,2.5943
2016-06-23,"9",27.2671560608402,11.6498
2016-06-26,"0.1",2.82041347724963,1.4518
2016-06-26,"1",2.82061677503424,1.7816
2016-06-26,"10",34.6216701609438,3.2153
2016-06-26,"11",NA,3.3746
2016-06-26,"2",2.82362554272028,3.3824
2016-06-26,"3",3.21678974885041,3.8569
2016-06-26,"4",3.28422733203911,4.5591
2016-06-26,"5",3.36025219142182,3.632
2016-06-26,"6",3.63645611824575,3.6331
2016-06-26,"7",4.50603827819685,2.8975
2016-06-26,"8",12.1522301069529,1.7801
2016-06-26,"9",31.2217227153803,11.2086
2016-06-28,"0.1",2.72890828153348,1.9081
2016-06-28,"1",2.72896938712592,2.0716
2016-06-28,"10",36.955844090698,3.6085
2016-06-28,"11",NA,3.5532
2016-06-28,"2",2.73160601339913,2.3396
2016-06-28,"3",3.12334317437742,2.6438
2016-06-28,"4",3.20175868240074,3.4442
2016-06-28,"5",3.29581758277063,5.3254
2016-06-28,"6",3.65077385573173,4.844
2016-06-28,"7",4.32701715225372,5.1509
2016-06-28,"8",11.9188576720001,6.3265
2016-06-28,"9",32.8234680145774,4.7089
2016-06-30,"0.1",2.64430683713281,0.6361
2016-06-30,"1",2.6445300701557,0.6894
2016-06-30,"10",37.9294192089217,3.5517
2016-06-30,"11",NA,3.2821
2016-06-30,"2",2.64934737100286,3.0642
2016-06-30,"3",3.03991063345367,4.1956
2016-06-30,"4",3.12908883437433,6.7321
2016-06-30,"5",3.24093769332556,3.9167
2016-06-30,"6",3.63744651479073,4.7281
2016-06-30,"7",4.2435508442523,5.355
2016-06-30,"8",11.6019453689308,7.0207
2016-06-30,"9",34.7589040590257,5.6151
2016-07-07,"0.1",2.41622151212507,1.7939
2016-07-07,"1",2.41629915294129,1.9134
2016-07-07,"10",41.3618293971201,2.9646
2016-07-07,"11",NA,2.7512
2016-07-07,"2",2.41685711371691,2.2999
2016-07-07,"3",2.76665829946777,5.3904
2016-07-07,"4",2.87313788045613,6.1575
2016-07-07,"5",3.00789900462245,6.6209
2016-07-07,"6",3.45075849075354,5.3836
2016-07-07,"7",3.81853589879692,2.2907
2016-07-07,"8",9.49358165232831,8.6497
2016-07-07,"9",37.2241277539501,3.9709
2016-07-14,"0.1",2.29524934289969,0.9328
2016-07-14,"1",2.29537850061808,1.2288
2016-07-14,"10",14.2717791987462,2.4789
2016-07-14,"11",NA,2.7019
2016-07-14,"2",2.3413472331963,1.5934
2016-07-14,"3",2.75774103479263,2.4342
2016-07-14,"4",3.11348782261874,8.1271
2016-07-14,"5",3.30115310184815,5.4387
2016-07-14,"6",4.13642540139891,3.4516
2016-07-14,"7",9.04949094706158,4.1938
2016-07-14,"8",4.45409549491247,5.8739
2016-07-14,"9",1.53206765908027,3.3177
2016-07-21,"0.1",2.4616229839641,1.953
2016-07-21,"1",2.46211250916867,2.1445
2016-07-21,"10",5.44684666519142,2.5582
2016-07-21,"11",NA,3.2462
2016-07-21,"2",2.50262498065857,2.4547
2016-07-21,"3",3.34289676730912,5.3382
2016-07-21,"4",3.55257410813512,7.1222
2016-07-21,"5",3.83450427036885,7.343
2016-07-21,"6",6.58704008106777,3.6187
2016-07-21,"7",10.3782155090382,9.8876
2016-07-21,"8",7.13863391596734,3.2301
2016-07-21,"9",4.98826555655478,3.3509
2016-07-24,"0.1",2.56050595640445,1.6143
2016-07-24,"1",2.56055069782915,1.8122
2016-07-24,"10",6.15305844320758,2.1697
2016-07-24,"11",NA,3.8258
2016-07-24,"2",2.57253105667002,2.8098
2016-07-24,"3",3.34840736800738,4.121
2016-07-24,"4",3.54876332080692,4.963
2016-07-24,"5",3.82093778797839,6.7681
2016-07-24,"6",7.34494238198287,3.0775
2016-07-24,"7",11.7529469315457,7.1339
2016-07-24,"8",7.95238938214124,3.007
2016-07-24,"9",6.15292895607928,2.4334
2016-07-28,"0.1",2.64043632583834,1.6081
2016-07-28,"1",2.64057932040079,1.6747
2016-07-28,"10",5.07966008702499,2.5027
2016-07-28,"11",NA,2.9864
2016-07-28,"2",2.64484934529941,1.8523
2016-07-28,"3",3.3272925969634,4.445
2016-07-28,"4",3.61560900843324,5.3519
2016-07-28,"5",3.85405418955857,4.8291
2016-07-28,"6",7.8877845685608,7.7497
2016-07-28,"7",12.3727467341618,5.9932
2016-07-28,"8",7.12135975026407,2.3806
2016-07-28,"9",1.86844377946774,2.4956
2016-08-11,"0.1",3.22109016793103,3.1488
2016-08-11,"1",3.22130197465961,4.9426
2016-08-11,"10",0.99763155668505,2.0698
2016-08-11,"11",NA,2.0347
2016-08-11,"2",3.29560189248155,4.0579
2016-08-11,"3",3.88483945966763,6.2756
2016-08-11,"4",5.16826669063131,4.4744
2016-08-11,"5",6.28463959260829,3.9236
2016-08-11,"6",9.89842207119491,7.2072
2016-08-11,"7",1.22553127059463,6.5035
2016-08-11,"8",0.935438166383729,3.8773
2016-08-11,"9",0.199540753646904,2.364
2016-08-18,"0.1",3.20514916804038,2.4539
2016-08-18,"1",3.205304828947,2.6192
2016-08-18,"10",0.735773890792271,2.4338
2016-08-18,"11",NA,2.7974
2016-08-18,"2",3.23152311963833,2.9532
2016-08-18,"3",4.0793797724913,3.2475
2016-08-18,"4",5.72945115497225,8.4928
2016-08-18,"5",7.16142152355537,5.5089
2016-08-18,"6",12.254815183061,8.3384
2016-08-18,"7",3.58524100039185,10.1449
2016-08-18,"8",0.666624776471788,5.2637
2016-08-18,"9",0.362865560046556,3.5617
2016-08-23,"0.1",3.20270876279938,2.2813
2016-08-23,"1",3.20307106507132,2.5811
2016-08-23,"10",1.28551293582491,2.5762
2016-08-23,"11",NA,2.4574
2016-08-23,"2",3.23633286148818,4.0066
2016-08-23,"3",4.21585307961823,4.5848
2016-08-23,"4",6.21994700912343,9.0184
2016-08-23,"5",7.85956673472972,6.3995
2016-08-23,"6",13.5293262955291,4.167
2016-08-23,"7",3.77127212683726,5.3803
2016-08-23,"8",1.34397731262769,3.1257
2016-08-23,"9",1.27959308792124,2.9999
2016-09-06,"0.1",3.22415527751414,5.2938
2016-09-06,"1",3.22862848338136,5.2741
2016-09-06,"10",7.052143831972,1.3676
2016-09-06,"11",NA,1.4444
2016-09-06,"2",3.43343565092233,6.066
2016-09-06,"3",5.28155154300646,6.749
2016-09-06,"4",7.58892699410139,6.8647
2016-09-06,"5",8.78622556741748,6.8408
2016-09-06,"6",8.32625435551405,7.8938
2016-09-06,"7",1.34355949373048,4.235
2016-09-06,"8",1.22009389892637,1.8381
2016-09-06,"9",4.18306222849754,1.5521
2016-09-16,"0.1",3.43982569419418,9.7589
2016-09-16,"1",3.4398995723514,10.3386
2016-09-16,"10",10.4560498901916,1.7377
2016-09-16,"11",NA,1.4728
2016-09-16,"2",3.50779282235223,10.3161
2016-09-16,"3",5.23785297362265,10.402
2016-09-16,"4",7.39998869879376,15.2985
2016-09-16,"5",8.8058910486538,12.776
2016-09-16,"6",9.0936911324615,19.3879
2016-09-16,"7",5.65108740552628,13.0989
2016-09-16,"8",6.43291189473298,2.183
2016-09-16,"9",10.4882575654864,1.1648
2016-09-17,"0.1",3.40519772838597,6.8814
2016-09-17,"1",3.40553430276467,9.2542
2016-09-17,"10",10.5347346760926,1.2812
2016-09-17,"11",NA,1.8407
2016-09-17,"2",3.49141144013538,7.9688
2016-09-17,"3",5.13600223798413,9.1875
2016-09-17,"4",7.19560369831448,9.169
2016-09-17,"5",8.61977409774873,17.9124
2016-09-17,"6",8.61303817765172,8.6776
2016-09-17,"7",5.62244536717981,3.7492
2016-09-17,"8",6.72152889901216,1.6013
2016-09-17,"9",10.537195258263,1.1718
2016-09-27,"0.1",3.46005931578163,4.1265
2016-09-27,"1",3.51568817919107,4.9395
2016-09-27,"10",1.98916935345736,0.8315
2016-09-27,"11",1.98694155416927,1.254
2016-09-27,"2",4.08093650138562,5.2315
2016-09-27,"3",5.59911165043284,5.9056
2016-09-27,"4",6.54963848611471,6.3494
2016-09-27,"5",6.66541348948716,5.7166
2016-09-27,"6",0.542237425120618,1.7307
2016-09-27,"7",0.542237425120618,2.1456
2016-09-27,"8",0.647369302208332,1.0407
2016-09-27,"9",1.88934400760427,0.8564
2016-10-11,"0.1",4.42229860088217,1.2391
2016-10-11,"1",4.45926419551057,1.9721
2016-10-11,"10",0.547467344042778,2.2334
2016-10-11,"11",0.547498197520702,1.5765
2016-10-11,"2",4.32288414529884,2.5519
2016-10-11,"3",2.73609824914128,2.4588
2016-10-11,"4",0.128188251596808,2.7339
2016-10-11,"5",0.128188251596808,2.7244
2016-10-11,"6",0.0564030966201289,2.1489
2016-10-11,"7",0.0564030966201289,3.6938
2016-10-11,"8",0.204760078463178,3.7894
2016-10-11,"9",0.521315344283607,2.2205
2016-11-11,"0.1",0.254350839304155,1.7426
2016-11-11,"1",0.254350839304155,1.9109
2016-11-11,"10",2.95322502700814,2.1525
2016-11-11,"11",2.95004979999673,2.5441
2016-11-11,"2",0.254350839304155,2.2899
2016-11-11,"3",0.254350839304155,2.2129
2016-11-11,"4",0.681593845512676,2.1832
2016-11-11,"5",0.285657746697173,2.1744
2016-11-11,"6",0.236662345379894,2.5673
2016-11-11,"7",0.281549794171472,2.3169
2016-11-11,"8",2.10447594565874,2.5144
2016-11-11,"9",2.9518471546664,2.3595
2017-03-17,"0.1",1.70762116637692,0.7966
2017-03-17,"1",1.70762116637692,1.1063
2017-03-17,"10",1.36926748977444,4.0648
2017-03-17,"11",NA,4.1602
2017-03-17,"2",1.70762116637692,2.1363
2017-03-17,"3",1.70762116637692,2.7556
2017-03-17,"4",1.70762116637692,3.29
2017-03-17,"5",1.70762116637692,3.553
2017-03-17,"6",1.70762116637692,3.8836
2017-03-17,"7",1.70764089554216,3.7886
2017-03-17,"8",1.79455677139173,4.0593
2017-03-17,"9",1.80116372740201,4.1285
2017-04-10,"0.1",0.266461628182971,1.5131
2017-04-10,"1",0.266473778001049,1.7503
2017-04-10,"10",2.71207359040993,2.6464
2017-04-10,"11",NA,1.718
2017-04-10,"2",0.266502203849191,1.7783
2017-04-10,"3",0.279928777403183,2.3782
2017-04-10,"4",0.28515323695545,3.9286
2017-04-10,"5",0.309139877720719,3.4771
2017-04-10,"6",0.440121791100853,3.8595
2017-04-10,"7",0.544243667315525,2.6991
2017-04-10,"8",2.20475641271795,3.1841
2017-04-10,"9",2.21299912376097,2.8779
2017-05-05,"0.1",1.15946863395658,0.9942
2017-05-05,"1",1.21244207948143,1.361
2017-05-05,"10",2.54804206773777,0.7611
2017-05-05,"11",NA,1.1696
2017-05-05,"2",1.32066176674784,2.4352
2017-05-05,"3",1.52161442744011,3.1501
2017-05-05,"4",1.94049115434354,3.8831
2017-05-05,"5",2.43339385533215,2.6929
2017-05-05,"6",2.88270297156539,2.6756
2017-05-05,"7",2.15686441278878,1.9023
2017-05-05,"8",0.69489252598092,0.8752
2017-05-05,"9",2.06668287751475,0.5212
2017-05-10,"0.1",1.64442543964215,1.6801
2017-05-10,"1",1.67352639587077,2.7364
2017-05-10,"10",2.38132655328506,0.5926
2017-05-10,"11",2.37983862652548,1.0376
2017-05-10,"2",1.7588452140521,2.5282
2017-05-10,"3",1.762266757436,2.5267
2017-05-10,"4",1.62223920674588,2.5739
2017-05-10,"5",1.17588890702264,1.7954
2017-05-10,"6",0.228665581097052,1.3299
2017-05-10,"7",0.228665581097052,1.1093
2017-05-10,"8",0.488463565947708,0.5554
2017-05-10,"9",1.28165070914387,0.6314
2018-05-04,"0.1",0.399483870737977,0.6787
2018-05-04,"1",0.417078792403563,1.2443
2018-05-04,"10",3.60944429450451,1.2351
2018-05-04,"11",NA,1.0566
2018-05-04,"2",0.514467558027206,1.9034
2018-05-04,"3",0.790241181546866,3.3818
2018-05-04,"4",0.953939627897367,3.955
2018-05-04,"5",0.844949585764926,3.748
2018-05-04,"6",0.710847484717833,3.3845
2018-05-04,"7",0.718878600070526,2.6063
2018-05-04,"8",1.19985934522885,1.9569
2018-05-04,"9",2.14744133930316,1.3647
2018-05-11,"0.1",0.478197740849403,0.921
2018-05-11,"1",0.518661549973094,1.094
2018-05-11,"10",3.59731461489802,1.133
2018-05-11,"11",NA,0.9665
2018-05-11,"2",0.733593326959091,2.0102
2018-05-11,"3",1.54004197149663,2.1813
2018-05-11,"4",2.13770739850273,2.6712
2018-05-11,"5",2.26937540358668,3.0866
2018-05-11,"6",2.41496195967124,1.5379
2018-05-11,"7",3.17548522641196,1.9011
2018-05-11,"8",3.96620393760709,1.4125
2018-05-11,"9",2.65432200078839,1.0501
2018-05-17,"0.1",0.607781330097358,2.681
2018-05-17,"1",0.683850551133965,4.1569
2018-05-17,"10",3.43199512995191,1.205
2018-05-17,"11",NA,1.2495
2018-05-17,"2",1.06572551799063,2.3777
2018-05-17,"3",2.30641941950062,3.3199
2018-05-17,"4",2.96771976165025,3.8496
2018-05-17,"5",3.17521128419576,2.224
2018-05-17,"6",3.44810632725921,1.5407
2018-05-17,"7",3.52953188322481,1.4517
2018-05-17,"8",0.320276837694374,1.1484
2018-05-17,"9",0.320276837694374,1.3142
2018-05-24,"0.1",2.10142711771377,1.0999
2018-05-24,"1",2.11713735832204,1.6175
2018-05-24,"10",0.308430608881362,1.1646
2018-05-24,"11",0.381301869295692,1.112
2018-05-24,"2",2.13621025066707,5.4185
2018-05-24,"3",1.88933713708064,2.9721
2018-05-24,"4",1.17424227850378,3.0772
2018-05-24,"5",0.953538325355104,3.5665
2018-05-24,"6",0.830148785754595,1.8116
2018-05-24,"7",0.956273114952752,1.0999
2018-05-24,"8",0.118867511762803,0.7926
2018-05-24,"9",0.0627449104937566,1.5487
2018-05-31,"0.1",2.03266140324077,3.5693
2018-05-31,"1",2.05330835485002,6.4508
2018-05-31,"10",0.153699898657147,0.8574
2018-05-31,"11",0.236689325696582,0.9257
2018-05-31,"2",2.16609441962013,8.9793
2018-05-31,"3",2.18680416766123,5.2067
2018-05-31,"4",2.24918588430044,5.9552
2018-05-31,"5",2.46172556847775,1.9443
2018-05-31,"6",2.72538869837073,0.9755
2018-05-31,"7",0.639684942378556,0.7128
2018-05-31,"8",0.0499461418857585,1.1746
2018-05-31,"9",0.0215308224669041,1.1239
2018-06-07,"0.1",2.03956698412367,1.556
2018-06-07,"1",2.04490659588093,2.8465
2018-06-07,"10",0.150301896898896,1.3137
2018-06-07,"11",0.150228531902233,1.325
2018-06-07,"2",2.26065736965682,4.129
2018-06-07,"3",2.69493335956703,4.1593
2018-06-07,"4",3.34627964914612,6.3565
2018-06-07,"5",3.60871096817192,6.4872
2018-06-07,"6",3.5265717437217,2.0884
2018-06-07,"7",2.0104134852494,1.349
2018-06-07,"8",0.247062284367789,1.9039
2018-06-07,"9",0.080569613399635,1.397
2018-06-14,"0.1",2.08794916990706,2.0271
2018-06-14,"1",2.11641518512212,2.473
2018-06-14,"10",0.698163126479141,1.4401
2018-06-14,"11",0.609549777130669,1.6248
2018-06-14,"2",2.47503441545887,4.2837
2018-06-14,"3",3.1579784050298,5.9214
2018-06-14,"4",3.43306660369606,4.3362
2018-06-14,"5",3.55134970423492,3.9642
2018-06-14,"6",2.75500167602968,1.4219
2018-06-14,"7",0.91592624943429,2.5288
2018-06-14,"8",0.382366568306013,1.8448
2018-06-14,"9",1.48001264893829,1.4465
2018-06-21,"0.1",2.29293906333184,2.0785
2018-06-21,"1",2.29897334894016,2.5394
2018-06-21,"10",3.71109875730709,1.1606
2018-06-21,"11",3.36378381165224,1.3506
2018-06-21,"2",2.87962568030764,3.2592
2018-06-21,"3",3.41104505590457,10.1496
2018-06-21,"4",3.50258464299507,4.816
2018-06-21,"5",3.57566743939039,2.4788
2018-06-21,"6",3.46397268182965,3.1783
2018-06-21,"7",3.14526782796799,3.2228
2018-06-21,"8",2.85637883490315,1.941
2018-06-21,"9",2.7767671090757,1.29
2018-06-28,"0.1",2.52564695444006,2.2928
2018-06-28,"1",2.53632722068637,4.0437
2018-06-28,"10",3.44330440822241,0.9988
2018-06-28,"11",3.50820759764715,0.9624
2018-06-28,"2",3.01965226590605,4.5491
2018-06-28,"3",3.44551816419036,4.7513
2018-06-28,"4",3.5055845018864,1.3951
2018-06-28,"5",3.54447235003121,2.9964
2018-06-28,"6",3.56813279390096,1.5366
2018-06-28,"7",3.45995780731804,1.0635
2018-06-28,"8",0.622145579376073,1.0797
2018-06-28,"9",1.89525241515202,1.0473
2018-07-05,"0.1",2.89885371518033,1.5083
2018-07-05,"1",2.90662343350793,4.0477
2018-07-05,"10",3.70353194955304,1.2374
2018-07-05,"11",NA,1.1646
2018-07-05,"2",3.30839917634304,3.1177
2018-07-05,"3",3.49566250864735,5.8471
2018-07-05,"4",3.5852952118471,1.1767
2018-07-05,"5",3.79149245557288,3.146
2018-07-05,"6",3.57238649923318,1.3587
2018-07-05,"7",3.58005831478461,1.0473
2018-07-05,"8",3.82365553837652,1.0837
2018-07-05,"9",1.83542553569656,1.1686
2018-07-12,"0.1",3.17310311060581,1.4962
2018-07-12,"1",3.18159321334114,1.6013
2018-07-12,"10",3.9681292337348,1.1727
2018-07-12,"11",NA,1.383
2018-07-12,"2",3.39310357134234,2.1027
2018-07-12,"3",3.5005073870845,5.6773
2018-07-12,"4",3.61465205102421,2.309
2018-07-12,"5",3.82084938652822,1.6701
2018-07-12,"6",3.64956452070499,0.926
2018-07-12,"7",2.65998774800193,0.8452
2018-07-12,"8",2.68467339374968,0.9422
2018-07-12,"9",3.79436555098352,0.9665
2018-07-19,"0.1",3.20756184040007,2.3858
2018-07-19,"1",3.22365733765978,2.8144
2018-07-19,"10",5.09305885200922,1.2172
2018-07-19,"11",NA,1.2172
2018-07-19,"2",3.4735772329607,14.541
2018-07-19,"3",3.50007795313999,4.5936
2018-07-19,"4",3.63948468171615,4.2661
2018-07-19,"5",3.91796797504304,2.2321
2018-07-19,"6",3.70676448979611,1.1646
2018-07-19,"7",3.724622677534,0.9624
2018-07-19,"8",4.03408724050153,1.1686
2018-07-19,"9",5.08278295543098,1.298
2018-07-26,"0.1",3.21205077416035,3.3038
2018-07-26,"1",3.25454808447174,6.6092
2018-07-26,"10",6.55460727664228,1.5599
2018-07-26,"11",NA,1.5599
2018-07-26,"2",3.39558001864766,7.6896
2018-07-26,"3",3.51491798282444,8.1488
2018-07-26,"4",3.57339376012996,3.795
2018-07-26,"5",3.55336505945415,1.8645
2018-07-26,"6",1.93714659836107,1.1676
2018-07-26,"7",0.576613715562734,1.2967
2018-07-26,"8",0.576613715562734,1.5599
2018-07-26,"9",1.5404576593536,1.5599
2018-08-02,"0.1",3.24427201579916,5.1435
2018-08-02,"1",3.31329273505953,4.8645
2018-08-02,"10",6.83587208192667,1.2414
2018-08-02,"11",NA,1.201
2018-08-02,"2",3.48859068404239,4.3429
2018-08-02,"3",3.5805765633281,3.0247
2018-08-02,"4",3.63590762675462,4.258
2018-08-02,"5",3.75300495312331,2.0866
2018-08-02,"6",3.28090875286455,1.6862
2018-08-02,"7",0.858987727534791,1.6256
2018-08-02,"8",0.858987727534791,1.29
2018-08-02,"9",2.7336904034879,1.4274
2018-08-09,"0.1",3.41945402799528,3.1622
2018-08-09,"1",3.5011528364654,4.6987
2018-08-09,"10",5.61486827234366,1.6013
2018-08-09,"11",NA,1.6013
2018-08-09,"2",3.58540032628,5.0101
2018-08-09,"3",3.66003495141763,4.8726
2018-08-09,"4",3.71142245222292,3.5584
2018-08-09,"5",3.96260271104773,3.2471
2018-08-09,"6",4.35467467931252,1.6822
2018-08-09,"7",1.67084553917732,1.4274
2018-08-09,"8",1.39189840879264,1.4396
2018-08-09,"9",1.79368761887606,1.6013
2018-08-16,"0.1",3.42388956966628,6.5993
2018-08-16,"1",3.44544874709631,9.9393
2018-08-16,"10",6.39199876315458,1.9895
2018-08-16,"11",NA,2.5192
2018-08-16,"2",3.59433194639583,10.7723
2018-08-16,"3",3.69538654382669,12.0784
2018-08-16,"4",3.76021499868471,5.0708
2018-08-16,"5",3.98562442574602,5.7582
2018-08-16,"6",3.37027752552724,2.1472
2018-08-16,"7",2.03972054571215,1.9612
2018-08-16,"8",3.63037906413191,1.9288
2018-08-16,"9",6.09778045020759,1.941
2018-08-24,"0.1",3.38986130542676,3.7606
2018-08-24,"1",3.45987777272192,6.1828
2018-08-24,"10",5.11980458299146,1.9005
2018-08-24,"11",NA,1.9733
2018-08-24,"2",3.64818575462457,5.0869
2018-08-24,"3",3.76139137522102,6.9147
2018-08-24,"4",3.87083828720581,5.6854
2018-08-24,"5",4.05841898782041,6.7933
2018-08-24,"6",2.27889402854288,2.3211
2018-08-24,"7",1.08404602858604,1.9005
2018-08-24,"8",1.77382337646921,1.7469
2018-08-24,"9",3.9806681202138,1.8925
2018-09-07,"0.1",3.56721110009243,1.6976
2018-09-07,"1",3.57725094112228,1.7977
2018-09-07,"10",7.59885034447369,2.0848
2018-09-07,"11",NA,2.0848
2018-09-07,"2",3.68342240607267,2.7828
2018-09-07,"3",3.87893498447786,5.7724
2018-09-07,"4",4.04444891712236,4.4023
2018-09-07,"5",4.2923632857807,6.3625
2018-09-07,"6",4.84068435615696,3.9394
2018-09-07,"7",4.56119358465115,2.147
2018-09-07,"8",4.43654899229621,2.0184
2018-09-07,"9",6.76885495239814,2.0156
2018-09-21,"0.1",3.37557953594219,2.9802
2018-09-21,"1",3.40574007427566,4.8888
2018-09-21,"10",3.11086645349282,1.5002
2018-09-21,"11",NA,1.4881
2018-09-21,"2",3.50363353540642,6.4658
2018-09-21,"3",3.573448740877,8.1439
2018-09-21,"4",3.42689059008157,4.3186
2018-09-21,"5",2.91265857976309,7.5333
2018-09-21,"6",1.17566067627828,4.3955
2018-09-21,"7",0.648416766590931,1.4962
2018-09-21,"8",0.321077052657666,1.2212
2018-09-21,"9",1.00342667765773,1.3142
2018-10-05,"0.1",2.67783569848545,1.755
2018-10-05,"1",2.67684205711154,2.2766
2018-10-05,"10",3.58708313968938,0.9786
2018-10-05,"11",3.66518076442921,1.29
2018-10-05,"2",2.61235195850764,4.448
2018-10-05,"3",2.29736927674194,9.9757
2018-10-05,"4",1.87454092532152,8.6292
2018-10-05,"5",1.63514414230205,8.1156
2018-10-05,"6",1.33005509750191,3.518
2018-10-05,"7",1.20130044606378,1.7995
2018-10-05,"8",1.06167953882388,1.112
2018-10-05,"9",0.932530500255308,0.922
2018-10-19,"0.1",2.51601128760099,1.6862
2018-10-19,"1",2.52569263840126,3.3441
2018-10-19,"10",2.42470538838887,1.6377
2018-10-19,"11",2.42198182576294,1.6377
2018-10-19,"2",2.47788867197152,4.3591
2018-10-19,"3",0.336835041687591,4.5896
2018-10-19,"4",0.317972100577995,3.4007
2018-10-19,"5",0.317972100577995,4.2297
2018-10-19,"6",0.757894565963657,2.7376
2018-10-19,"7",0.450107780044105,2.2321
2018-10-19,"8",1.73197006626843,1.8358
2018-10-19,"9",2.40450857440653,1.4477
2018-11-02,"0.1",0.327154044902845,3.1087
2018-11-02,"1",0.327154044902845,3.2696
2018-11-02,"10",3.52900365589477,3.0884
2018-11-02,"11",3.56970595993697,3.7312
2018-11-02,"2",0.327154044902845,3.0587
2018-11-02,"3",0.360768906348875,2.508
2018-11-02,"4",0.360768906348875,2.2756
2018-11-02,"5",0.367449296220097,1.9213
2018-11-02,"6",0.400389920367538,2.319
2018-11-02,"7",0.458537137135087,1.9459
2018-11-02,"8",0.501617106065017,1.9371
2018-11-02,"9",2.96789215247933,2.6531
2018-11-16,"0.1",0.160454249502304,0.4327
2018-11-16,"1",0.160454249502304,0.6511
2018-11-16,"10",3.1801768223704,0.9462
2018-11-16,"11",3.17791220715486,1.0635
2018-11-16,"2",0.160454249502304,0.926
2018-11-16,"3",0.160454249502304,0.9341
2018-11-16,"4",0.160454249502304,0.9705
2018-11-16,"5",0.13239689785171,0.9867
2018-11-16,"6",0.118683517381989,1.0029
2018-11-16,"7",0.118683517381989,0.8775
2018-11-16,"8",0.147486868812341,1.1606
2018-11-16,"9",0.928646804656427,1.015
2018-12-06,"0.1",1.57861552377258,0.5419
2018-12-06,"1",1.57861552377258,0.7238
2018-12-06,"10",1.57861552377258,2.1472
2018-12-06,"11",0.842019225590948,2.1027
2018-12-06,"2",1.57861552377258,1.6175
2018-12-06,"3",1.57861552377258,2.0542
2018-12-06,"4",1.57861552377258,2.1108
2018-12-06,"5",1.57861552377258,2.3615
2018-12-06,"6",1.57861552377258,2.3494
2018-12-06,"7",1.57861552377258,2.0663
2018-12-06,"8",1.57861552377258,2.0623
2018-12-06,"9",1.57861552377258,2.0825
2019-06-13,"0.1",2.81773413659353,0.3186
2019-06-13,"1",2.97277164452089,0.6941
2019-06-13,"10",2.66461988817003,1.8839
2019-06-13,"11",2.99056935802446,1.5763
2019-06-13,"2",3.34904513899316,0.8404
2019-06-13,"3",3.52926583903481,0.8541
2019-06-13,"4",3.56650847585052,4.0888
2019-06-13,"5",3.77847046540442,5.2442
2019-06-13,"6",2.07629720809411,3.0944
2019-06-13,"7",0.314960559127927,4.1894
2019-06-13,"8",0.314960559127927,2.6611
2019-06-13,"9",1.02475935576708,2.186
2019-06-20,"0.1",3.10765898849139,0.6169
2019-06-20,"1",3.23645099947981,0.5512
2019-06-20,"10",3.67137477363531,1.4726
2019-06-20,"11",4.22425407371962,1.5231
2019-06-20,"2",3.47682367157766,0.7142
2019-06-20,"3",3.51527815039449,0.9683
2019-06-20,"4",3.58430408266616,1.5078
2019-06-20,"5",3.64125440670762,7.9917
2019-06-20,"6",3.66720015517933,8.5556
2019-06-20,"7",2.85532625029823,3.3441
2019-06-20,"8",1.74849728935749,1.804
2019-06-20,"9",0.755419583290452,1.5388
2019-06-27,"0.1",3.24893240818822,0.2754
2019-06-27,"1",3.29940830889906,0.375
2019-06-27,"10",4.5425011782847,1.7342
2019-06-27,"11",4.6392444510177,1.9099
2019-06-27,"2",3.52824030381916,0.6653
2019-06-27,"3",3.55641727993959,0.7708
2019-06-27,"4",3.65967104239835,1.7183
2019-06-27,"5",3.83281299816796,1.5617
2019-06-27,"6",3.84025585999079,2.3479
2019-06-27,"7",3.7373056193198,15.0811
2019-06-27,"8",1.26868077545641,1.798
2019-06-27,"9",2.90947284359951,1.5455
2019-07-03,"0.1",3.42712124368561,0.5836
2019-07-03,"1",3.43530250603919,0.5317
2019-07-03,"10",4.90961444763437,1.8699
2019-07-03,"11",5.38506143861626,1.8945
2019-07-03,"2",3.52068837612735,0.707
2019-07-03,"3",3.57136944262628,0.7432
2019-07-03,"4",3.59032023266265,1.899
2019-07-03,"5",3.76212645396196,0.7496
2019-07-03,"6",4.02618693195484,0.7077
2019-07-03,"7",0.813697466309389,7.7942
2019-07-03,"8",0.813697466309389,2.3697
2019-07-03,"9",3.47107630791285,1.6445
2019-07-10,"1",3.40025575273738,0.7596
2019-07-10,"10",4.93792800227895,1.1564
2019-07-10,"11",6.05510480290782,1.244
2019-07-10,"2",3.54331644148825,0.9541
2019-07-10,"3",3.61045009834747,0.8969
2019-07-10,"4",3.6473239452398,1.946
2019-07-10,"5",3.71728494401402,1.74
2019-07-10,"6",4.00374972856224,6.6915
2019-07-10,"7",0.951513044448004,4.3836
2019-07-10,"8",0.951513044448004,1.9956
2019-07-10,"9",1.95319974144685,0.9885
2019-07-11,"0.1",3.34565661351109,0.7367
2019-07-11,"1",3.42046274433964,0.7519
2019-07-11,"10",5.33180734248459,1.0609
2019-07-11,"11",6.00316489867232,0.8969
2019-07-11,"2",3.55415467278221,1.0266
2019-07-11,"3",3.60988711715225,0.9351
2019-07-11,"4",3.7084382665962,1.7629
2019-07-11,"5",3.79044777136566,1.6332
2019-07-11,"6",3.97384246448325,10.0218
2019-07-11,"7",1.72758461995343,3.5978
2019-07-11,"8",0.879265486776877,1.7705
2019-07-11,"9",2.11177729584751,1.4043
2019-07-24,"0.1",3.32606364344383,1.4058
2019-07-24,"1",3.32934569848847,1.8049
2019-07-24,"10",6.33433564779731,0.5205
2019-07-24,"11",6.34323906184913,0.5755
2019-07-24,"2",3.4960944327534,2.6809
2019-07-24,"3",3.66224073640243,2.5033
2019-07-24,"4",3.78628973004867,2.4244
2019-07-24,"5",3.90960347669949,11.3564
2019-07-24,"6",1.73685496598566,12.9523
2019-07-24,"7",0.944443670268153,1.774
2019-07-24,"8",0.944443670268153,0.6091
2019-07-24,"9",2.08773453721741,0.6203
2019-07-25,"0.1",3.35870412018667,1.9836
2019-07-25,"1",3.41460028374839,1.657
2019-07-25,"10",5.65823613645713,0.7251
2019-07-25,"11",5.72474469964111,0.5879
2019-07-25,"2",3.57872346000713,2.4101
2019-07-25,"3",3.75635190225893,1.9921
2019-07-25,"4",3.90106755875696,6.2348
2019-07-25,"5",4.04735897758311,12.2786
2019-07-25,"6",2.73862523131045,13.0119
2019-07-25,"7",0.82371375647138,2.7716
2019-07-25,"8",0.82371375647138,0.6255
2019-07-25,"9",2.39459894019502,0.565
2019-08-01,"0.1",3.41014904696993,1.2045
2019-08-01,"1",3.49643649262391,1.4902
2019-08-01,"10",5.54160818981145,1.1545
2019-08-01,"11",6.66534140607045,0.8269
2019-08-01,"2",3.67235697317777,2.1938
2019-08-01,"3",3.81638394891025,2.4512
2019-08-01,"4",3.88309389866293,5.3795
2019-08-01,"5",4.01237918345456,5.365
2019-08-01,"6",4.2197890068193,8.3629
2019-08-01,"7",0.785227410729476,3.34
2019-08-01,"8",0.785227410729476,1.2898
2019-08-01,"9",1.95832627543612,0.8356
2019-08-08,"0.1",3.68111517225547,2.017
2019-08-08,"10",3.92602967300512,0.7095
2019-08-08,"11",5.29903668262113,0.7326
2019-08-08,"2",3.80589631753226,2.7013
2019-08-08,"3",3.89595940741523,2.9843
2019-08-08,"4",3.99279587343613,3.347
2019-08-08,"5",4.10519867609895,22.8245
2019-08-08,"6",3.32390111148694,4.9994
2019-08-08,"7",1.4735048020329,2.1421
2019-08-08,"8",1.20811219228659,1.3556
2019-08-08,"9",0.606280525438559,1.0131
2019-08-14,"0.1",3.6181289372754,1.3484
2019-08-14,"1",3.70397166417214,2.0395
2019-08-14,"10",4.93237271331103,0.8123
2019-08-14,"11",5.02820831600874,0.9003
2019-08-14,"2",3.81476430695149,2.6316
2019-08-14,"3",3.90593060852092,2.886
2019-08-14,"4",4.0104086786902,17.6606
2019-08-14,"5",4.08783108784785,28.3805
2019-08-14,"6",4.16648578477349,3.355
2019-08-14,"7",1.63244291673066,2.2582
2019-08-14,"8",1.40001411716462,1.5894
2019-08-14,"9",1.37326648688922,0.9644
2019-08-22,"0.1",3.6443037121819,2.022
2019-08-22,"1",3.71889383769544,2.0993
2019-08-22,"10",5.47599235492019,1.5503
2019-08-22,"11",5.52753961303284,1.6091
2019-08-22,"2",3.84601288914821,2.4743
2019-08-22,"3",3.9830540162688,7.0667
2019-08-22,"4",4.09668012984439,5.7495
2019-08-22,"5",4.23793446262631,16.0597
2019-08-22,"6",4.39073352994224,5.0095
2019-08-22,"7",1.60743701762663,3.6954
2019-08-22,"8",1.64917183625043,2.0959
2019-08-22,"9",1.88906466191785,1.6131
2019-09-04,"0.1",3.54826927443169,1.1804
2019-09-04,"1",3.62872507485029,2.2265
2019-09-04,"10",7.37120092403031,1.1965
2019-09-04,"11",7.40829242869129,1.4145
2019-09-04,"2",3.86898138874138,3.4754
2019-09-04,"3",3.98163589660226,7.2586
2019-09-04,"4",4.05081797989601,5.1028
2019-09-04,"5",4.09490479895892,27.0009
2019-09-04,"6",4.39781843321171,4.7319
2019-09-04,"7",4.30918180131347,4.4848
2019-09-04,"8",3.99710334444339,1.4803
2019-09-04,"9",4.9906793386687,1.3038
2019-09-20,"0.1",3.2046278010392,2.3498
2019-09-20,"1",3.20710327822,3.1899
2019-09-20,"10",12.2784406761212,1.4889
2019-09-20,"11",NA,1.2967
2019-09-20,"2",3.46003166663688,4.8964
2019-09-20,"3",3.82238346154048,5.1047
2019-09-20,"4",3.95654729726573,6.2071
2019-09-20,"5",4.09375119614287,30.0381
2019-09-20,"6",3.52077743565419,2.7589
2019-09-20,"7",3.40697297180846,3.4311
2019-09-20,"8",3.54959770142443,1.8256
2019-09-20,"9",5.15246508799427,1.4893
2019-10-04,"0.1",2.95144271102279,1.6561
2019-10-04,"1",2.95426688459833,2.4009
2019-10-04,"10",15.5521269166634,1.3227
2019-10-04,"11",NA,1.3215
2019-10-04,"2",3.08131177698171,3.9505
2019-10-04,"3",3.61552199954517,5.2222
2019-10-04,"4",3.85003124677309,4.4109
2019-10-04,"5",4.02031071321851,2.7957
2019-10-04,"6",5.16467672929784,2.7231
2019-10-04,"7",5.74276992066447,3.5895
2019-10-04,"8",7.17452353062379,1.7656
2019-10-04,"9",14.8782910123886,1.5689
2019-10-07,"10",15.015703447962,1.4535
2019-10-07,"11",NA,1.4535
2019-10-07,"3",3.51669670062515,7.0559
2019-10-07,"4",3.71297659910059,4.9028
2019-10-07,"5",3.8971563386718,5.2232
2019-10-07,"6",3.56590417207432,2.407
2019-10-07,"7",4.49273596309399,2.8298
2019-10-07,"8",5.78122378385935,1.7599
2019-10-07,"9",14.9077925804601,1.3987
2019-10-18,"0.1",1.33183197407115,2.4129
2019-10-18,"1",1.33183197407115,3.5225
2019-10-18,"10",11.660394367348,1.4506
2019-10-18,"11",NA,1.4506
2019-10-18,"2",1.33183197407115,5.533
2019-10-18,"3",1.33183197407115,5.8931
2019-10-18,"4",1.33183197407115,5.8293
2019-10-18,"5",1.33183197407115,5.6311
2019-10-18,"6",1.393509427045,5.9551
2019-10-18,"7",1.53163034746955,5.6308
2019-10-18,"8",2.65096081589736,1.6297
2019-10-18,"9",11.2200618158699,1.4793
2019-10-28,"0.1",0.355044811549427,3.3382
2019-10-28,"10",5.11700886863974,2.343
2019-10-28,"11",NA,2.343
2019-10-28,"2",0.355044811549427,4.9084
2019-10-28,"3",0.398237598089769,4.4483
2019-10-28,"4",0.398237598089769,5.0755
2019-10-28,"5",0.398243327514751,4.1979
2019-10-28,"6",0.519416983714979,2.6868
2019-10-28,"7",0.661871131911989,1.5977
2019-10-28,"8",0.556471992833197,1.4146
2019-10-28,"9",0.556471992833197,1.9428
2019-11-15,"0.1",0.454828421620152,3.0043
2019-11-15,"1",0.454828421620152,4.9718
2019-11-15,"10",2.5299826560299,6.1902
2019-11-15,"11",NA,6.1902
2019-11-15,"2",0.455606132653993,5.8381
2019-11-15,"3",2.4955430519278,5.9036
2019-11-15,"4",2.52997536806506,7.1393
2019-11-15,"5",2.52998265279728,6.9509
2019-11-15,"6",2.5299826560299,5.6656
2019-11-15,"7",2.5299826560299,6.9423
2019-11-15,"8",2.5299826560299,6.8158
2019-11-15,"9",2.5299826560299,5.8216
2019-12-06,"0.1",1.78339899909324,2.7717
2019-12-06,"1",1.78339899909324,4.978
2019-12-06,"10",1.28439736161142,5.9129
2019-12-06,"11",NA,5.9129
2019-12-06,"2",1.78339899909324,5.1056
2019-12-06,"3",1.78339899909324,5.2667
2019-12-06,"4",1.78339899909324,5.4881
2019-12-06,"5",1.78339899909324,5.603
2019-12-06,"6",1.78339899909324,5.6205
2019-12-06,"7",1.78339899909324,5.3532
2019-12-06,"8",1.78339899909324,5.4511
2019-12-06,"9",1.78339899909324,5.4559
2020-06-18,"0.1",0.724073440248308,0.9313
2020-06-18,"1",0.794237655860522,2.0139
2020-06-18,"10",0.95315229954671,0.4576
2020-06-18,"11",2.73243806241677,0
2020-06-18,"2",0.786675264099778,2.9373
2020-06-18,"3",0.199564903486824,1.8732
2020-06-18,"4",0.199564903486824,1.4656
2020-06-18,"5",0.189315792262592,0.6009
2020-06-18,"6",0.189315792262592,0.1294
2020-06-18,"7",0.189315792262592,0
2020-06-18,"8",0.189315792262592,0.2662
2020-06-18,"9",0.189315792262592,1.754
2020-06-25,"0.1",0.330497679992875,0.5958
2020-06-25,"1",0.327511805356908,1.1403
2020-06-25,"10",0.688431631559958,0.3691
2020-06-25,"11",2.56877255217677,0.1267
2020-06-25,"2",0.303857970440862,3.283
2020-06-25,"3",0.294416163706184,3.2772
2020-06-25,"4",0.299739070611822,1.4841
2020-06-25,"5",0.309321562837767,1.4377
2020-06-25,"6",0.311490417746668,0.9963
2020-06-25,"7",0.290498896634747,0
2020-06-25,"8",0.311749891790921,0.7904
2020-06-25,"9",0.355111463113461,0.7866
2020-07-02,"0.1",0.336177018808698,0.8447
2020-07-02,"1",0.340691202419119,1.5635
2020-07-02,"10",2.9191870556603,0.3693
2020-07-02,"11",3.28465782410358,0.1047
2020-07-02,"2",0.362683657628816,3.223
2020-07-02,"3",0.422977902930724,6.2662
2020-07-02,"4",0.587991889019486,4.7561
2020-07-02,"5",0.776622100205427,1.4022
2020-07-02,"6",0.938935323710615,0.6621
2020-07-02,"7",0.90831066854379,0.482
2020-07-02,"8",1.0252297776641,1.4486
2020-07-02,"9",1.24617745354237,1.456
2020-07-09,"0.1",0.37444697094351,2.485
2020-07-09,"1",0.374757433764858,3.1764
2020-07-09,"10",3.69327434480219,0.2422
2020-07-09,"11",3.67400134664852,0.2454
2020-07-09,"2",0.431794180747626,5.8251
2020-07-09,"3",0.608824250124616,7.5315
2020-07-09,"4",1.20824454500128,7.5344
2020-07-09,"5",1.99038349193451,2.697
2020-07-09,"6",2.56637131064641,1.6
2020-07-09,"7",2.85405386415993,0.9095
2020-07-09,"8",3.08560796055541,2.0712
2020-07-09,"9",2.97899421324629,0.3223
2020-07-17,"0.1",0.409752528657991,0.1342
2020-07-17,"1",0.410846591031419,0.73
2020-07-17,"10",4.03352025534501,0.2644
2020-07-17,"11",4.23160312775126,0.2074
2020-07-17,"2",0.612765082578733,1.658
2020-07-17,"3",1.18879022214528,1.9033
2020-07-17,"4",1.9777068732829,3.7622
2020-07-17,"5",2.53565203156413,5.2317
2020-07-17,"6",2.77432020238121,2.4751
2020-07-17,"7",1.36047613818196,1.4792
2020-07-17,"8",2.18215572084502,3.0138
2020-07-17,"9",3.40257960102726,0.4007
2020-07-23,"0.1",0.483588302260375,1.0519
2020-07-23,"1",0.501600270814221,1.3452
2020-07-23,"10",4.276940671009,0.8982
2020-07-23,"11",4.90856849549607,0.793
2020-07-23,"2",0.94355066354922,1.303
2020-07-23,"3",1.71693203563507,1.563
2020-07-23,"4",2.5385242294565,1.5742
2020-07-23,"5",3.05468921928224,4.1809
2020-07-23,"6",2.93656755576268,9.8693
2020-07-23,"7",0.925674751372553,5.0947
2020-07-23,"8",1.01314175530877,6.0293
2020-07-23,"9",2.56885498498297,0.869
2020-07-30,"0.1",1.02954816923897,0.7617
2020-07-30,"1",1.2403892499082,0.7505
2020-07-30,"10",4.25342183900912,1.8204
2020-07-30,"11",5.94412938344675,1.4671
2020-07-30,"2",1.96532868496446,1.9931
2020-07-30,"3",2.51330053577086,4.6634
2020-07-30,"4",3.05902282500832,2.0424
2020-07-30,"5",3.23750800448193,1.9962
2020-07-30,"6",2.91533989117206,8.5472
2020-07-30,"7",1.11062628541415,3.6842
2020-07-30,"8",1.55045471908454,3.9585
2020-07-30,"9",2.06542825535634,1.3421
2020-08-06,"0.1",1.93833475223156,1.0233
2020-08-06,"1",2.07448994664506,1.5997
2020-08-06,"10",4.22397777287637,1.8965
2020-08-06,"11",6.12618835516879,2.9204
2020-08-06,"2",2.58284981585772,2.0319
2020-08-06,"3",2.98980933015283,3.0211
2020-08-06,"4",3.32683054715687,4.2225
2020-08-06,"5",3.40461782585323,5.1914
2020-08-06,"6",2.48554805736962,5.4826
2020-08-06,"7",0.923643576371559,6.1188
2020-08-06,"8",1.21412200204012,4.6312
2020-08-06,"9",1.64595392971646,2.1176
2020-08-12,"0.1",2.19423345428364,1.2148
2020-08-12,"1",2.33292800870226,2.2645
2020-08-12,"10",5.8513566342985,2.2731
2020-08-12,"11",6.98913872370984,3.4605
2020-08-12,"2",2.84742033479763,2.0947
2020-08-12,"3",3.26202990953764,6.9163
2020-08-12,"4",3.4171267768472,6.9176
2020-08-12,"5",3.56182061931163,3.2271
2020-08-12,"6",3.26503152992769,3.1944
2020-08-12,"7",1.46463095642011,5.0208
2020-08-12,"8",1.66839483277012,3.3927
2020-08-12,"9",2.13621045853414,1.9777
2020-08-20,"0.1",2.63550379141981,1.4016
2020-08-20,"1",2.72239296463814,2.2148
2020-08-20,"10",4.0328379542949,2.8558
2020-08-20,"11",4.54339289071887,2.8715
2020-08-20,"2",3.04781928707936,2.474
2020-08-20,"3",3.25172582298608,3.0129
2020-08-20,"4",3.3426252351358,2.8322
2020-08-20,"5",3.27197766979158,3.6544
2020-08-20,"6",2.00714447693011,4.6622
2020-08-20,"7",0.537612567973463,8.3352
2020-08-20,"8",0.537612567973463,3.4815
2020-08-20,"9",1.08647905114373,3.0919
2020-08-26,"0.1",2.63720491135151,2.1503
2020-08-26,"1",2.71906174131358,2.4997
2020-08-26,"10",6.53218094922276,3.4137
2020-08-26,"11",6.67002553532329,3.6817
2020-08-26,"2",3.06124344933819,2.8917
2020-08-26,"3",3.34501025946205,6.9263
2020-08-26,"4",3.46265943251681,5.1451
2020-08-26,"5",3.57460955993372,3.3192
2020-08-26,"6",3.47889157791611,3.3334
2020-08-26,"7",1.60063601631302,7.4037
2020-08-26,"8",1.3595269760741,4.7765
2020-08-26,"9",1.70202984997336,4.2571
2020-09-03,"0.1",2.96124702861178,3.0052
2020-09-03,"1",3.01278569361208,3.111
2020-09-03,"10",4.14574913829764,1.6607
2020-09-03,"11",6.37759298840303,1.68
2020-09-03,"2",3.15651767297386,3.7059
2020-09-03,"3",3.21730058843986,9.8469
2020-09-03,"4",3.11392030437096,7.2234
2020-09-03,"5",2.60140379238743,3.5896
2020-09-03,"6",1.56817458541616,3.6326
2020-09-03,"7",1.31486767512609,7.7492
2020-09-03,"8",1.09725064708208,2.696
2020-09-03,"9",0.668391693109129,1.9402
2020-09-16,"0.1",2.96435600231515,5.9369
2020-09-16,"1",3.01986837143926,7.1115
2020-09-16,"10",7.09715809792708,1.7461
2020-09-16,"11",7.09348323493157,1.7254
2020-09-16,"2",3.2554456857522,8.2858
2020-09-16,"3",3.36646058172268,8.2024
2020-09-16,"4",3.48551517562514,8.7336
2020-09-16,"5",3.62105492449355,2.7742
2020-09-16,"6",2.91118327738271,4.228
2020-09-16,"7",3.44248106618005,4.3272
2020-09-16,"8",2.930545514016,2.3442
2020-09-16,"9",4.36592277887835,1.7842
2020-10-01,"0.1",2.44047463518749,3.5682
2020-10-01,"1",2.39041657300572,4.8269
2020-10-01,"10",5.70025339267292,1.109
2020-10-01,"11",6.30520953115639,0.9922
2020-10-01,"2",2.18016710213342,7.5068
2020-10-01,"3",0.63384300242495,7.1314
2020-10-01,"4",0.63384300242495,7.5565
2020-10-01,"5",0.63384300242495,5.2289
2020-10-01,"6",0.63384300242495,1.6551
2020-10-01,"7",0.63384300242495,1.5537
2020-10-01,"8",1.22772169647987,1.3749
2020-10-01,"9",1.56142870483369,0.9764
2020-10-14,"0.1",0.738384989352585,2.7355
2020-10-14,"1",0.749533704157117,7.2063
2020-10-14,"10",4.31828318462365,0.857
2020-10-14,"11",6.20652221503552,0.8005
2020-10-14,"2",0.789695016451357,7.5642
2020-10-14,"3",1.08333816920414,8.0649
2020-10-14,"4",1.08333816920414,8.6388
2020-10-14,"5",1.03982552200112,7.6622
2020-10-14,"6",0.546046786468311,0.6584
2020-10-14,"7",0.546046786468311,0.9553
2020-10-14,"8",0.798423535809192,1.0655
2020-10-14,"9",1.12005944712483,0.8758
2020-10-26,"0.1",0.624968844447889,3.4443
2020-10-26,"1",0.624968844448622,6.1702
2020-10-26,"10",5.93204233702871,0.8345
2020-10-26,"11",5.92965100227009,0.7664
2020-10-26,"2",0.625002364238392,8.3245
2020-10-26,"3",0.670485489950995,6.1453
2020-10-26,"4",0.670485489950995,1.9591
2020-10-26,"5",0.670214950469577,0.2722
2020-10-26,"6",0.676985244699924,0.0554
2020-10-26,"7",0.701695381729236,0.3644
2020-10-26,"8",1.38936102612181,0.739
2020-10-26,"9",3.49042703912836,0.7116
2020-11-10,"0.1",0.215200491613899,5.4379
2020-11-10,"1",0.215200491613899,6.2994
2020-11-10,"10",3.6096501574188,1.6093
2020-11-10,"11",3.66696591961542,1.3387
2020-11-10,"2",0.215200491613899,8.1221
2020-11-10,"3",0.252633874400863,6.9022
2020-11-10,"4",0.252633874400863,3.6389
2020-11-10,"5",0.252633874400863,3.7653
2020-11-10,"6",0.252633874400863,2.9461
2020-11-10,"7",0.270961640124753,2.2602
2020-11-10,"8",0.358270448426924,1.858
2020-11-10,"9",1.03283207859171,1.7453
2021-03-08,"0.1",0.0946172601637699,0.5428
2021-03-08,"1",0.0946172601637699,1.6602
2021-03-08,"10",0.0987562711869806,5.2619
2021-03-08,"11",0.0252502254812442,5.47
2021-03-08,"2",0.0946172601637699,2.727
2021-03-08,"3",0.0946172601637699,3.7276
2021-03-08,"4",0.0946172601637699,4.5763
2021-03-08,"5",0.0946172601637699,5.862
2021-03-08,"6",0.0946172601637699,5.2259
2021-03-08,"7",0.0946172601637699,5.2611
2021-03-08,"8",0.0946174318806529,5.4772
2021-03-08,"9",0.0984538137759904,5.5753
2021-03-31,"0.1",0.0651837590904862,6.7876
2021-03-31,"1",0.0651844430896563,6.3378
2021-03-31,"10",0.860279283559084,0
2021-03-31,"11",0.88706245262239,0
2021-03-31,"2",0.0651862364626814,7.2726
2021-03-31,"3",0.0697970369713494,7.8472
2021-03-31,"4",0.0707179655401318,10.0178
2021-03-31,"5",0.0707283729670726,9.6011
2021-03-31,"6",0.0707483619763475,6.5178
2021-03-31,"7",0.0644941495327143,3.8524
2021-03-31,"8",0.0644941495327143,2.1934
2021-03-31,"9",0.437539817303789,2.1526
2021-04-05,"0.1",0.0619063182486782,0.7942
2021-04-05,"1",0.061907297482034,4.2211
2021-04-05,"10",0.983492470953583,9.9664
2021-04-05,"11",0.989436114946253,8.3527
2021-04-05,"2",0.0619097215213921,7.6713
2021-04-05,"3",0.0619137934086436,9.3824
2021-04-05,"4",0.0619208374126948,9.6419
2021-04-05,"5",0.0619326484170479,9.6877
2021-04-05,"6",0.0619541776560013,10.176
2021-04-05,"7",0.0733188365060918,9.1439
2021-04-05,"8",0.0932789724603742,9.9671
2021-04-05,"9",0.677932362648159,8.1723
2021-05-03,"0.1",0.272573156779449,1.8788
2021-05-03,"1",0.278649307113196,1.9567
2021-05-03,"10",1.88497111665816,0.1935
2021-05-03,"11",1.93454940950733,0.2639
2021-05-03,"2",0.32215027726696,1.8863
2021-05-03,"3",0.502522429504416,2.658
2021-05-03,"4",0.502838875505682,4.8819
2021-05-03,"5",0.787723259809642,2.2713
2021-05-03,"6",0.914535233972929,1.4848
2021-05-03,"7",0.744721537606569,1.1145
2021-05-03,"8",0.961950787567672,0.5909
2021-05-03,"9",0.644815424821682,0.2416
2021-05-14,"0.1",0.556039966047217,0
2021-05-14,"1",0.636771685467535,0.6634
2021-05-14,"10",2.80843088760758,1.3346
2021-05-14,"11",2.79968639864596,0.974
2021-05-14,"2",0.98090866840339,1.0238
2021-05-14,"3",1.42158154573903,1.2503
2021-05-14,"4",0.770793675020301,2.5301
2021-05-14,"5",0.635522972520504,4.8667
2021-05-14,"6",0.471921770799272,2.8529
2021-05-14,"7",1.61748771346669,2.7882
2021-05-14,"8",1.53320518631824,1.9568
2021-05-14,"9",1.36097447773533,1.4272
2021-05-31,"0.1",1.66804284909144,0.2427
2021-05-31,"1",1.67773938424574,0.5973
2021-05-31,"10",3.75816522097469,0.1005
2021-05-31,"11",3.75804200029109,0.1285
2021-05-31,"2",2.02200155975515,0.6831
2021-05-31,"3",2.16009600419692,0.9803
2021-05-31,"4",2.88619648074845,2.4569
2021-05-31,"5",3.82434911436545,5.1779
2021-05-31,"6",5.46313095029368,3.612
2021-05-31,"7",4.97638675061262,7.7049
2021-05-31,"8",3.19242423460176,4.2541
2021-05-31,"9",3.75645605590238,0.599
2021-06-16,"0.1",2.4188200601702,0.0414
2021-06-16,"1",2.42721856806166,0.0449
2021-06-16,"10",11.9074646405041,0.7278
2021-06-16,"11",11.9700184450848,0.5173
2021-06-16,"2",2.59006352540311,0.3845
2021-06-16,"3",3.09468759806605,0.3772
2021-06-16,"4",3.41116771155187,2.9088
2021-06-16,"5",3.56002004630453,2.0765
2021-06-16,"6",3.47301233297688,1.1496
2021-06-16,"7",3.69459017294737,1.3545
2021-06-16,"8",4.43639314278196,2.7052
2021-06-16,"9",6.20750874004955,1.0614
2021-06-28,"0.1",2.33027372789214,0.2525
2021-06-28,"1",2.33418726371611,0.8039
2021-06-28,"10",12.0537863301339,1.1131
2021-06-28,"11",23.735642001137,1.0095
2021-06-28,"2",2.69932831292501,1.091
2021-06-28,"3",3.16084701426527,2.0244
2021-06-28,"4",3.41302213539288,6.3686
2021-06-28,"5",3.7028776321262,7.3967
2021-06-28,"6",3.99897980500183,4.2129
2021-06-28,"7",4.09843360635664,12.2514
2021-06-28,"8",4.66345467147288,3.3309
2021-06-28,"9",2.90084662565352,2.0423
2021-07-12,"0.1",2.67834890376684,1.1171
2021-07-12,"1",2.68201388659564,2.3
2021-07-12,"10",11.6757130935254,1.2124
2021-07-12,"11",12.2754717271993,1.0747
2021-07-12,"2",3.17107634492005,3.8471
2021-07-12,"3",3.63372390879244,6.791
2021-07-12,"4",3.97505469875507,8.2264
2021-07-12,"5",4.45445192085811,3.6982
2021-07-12,"6",5.41227584039985,9.6782
2021-07-12,"7",5.03537507090203,2.2089
2021-07-12,"8",3.96420203216345,1.4412
2021-07-12,"9",3.74315462900882,1.4228
2021-07-26,"0.1",2.92946501862143,1.68
2021-07-26,"1",2.93156903236787,2.2328
2021-07-26,"10",9.69047441614211,0.5965
2021-07-26,"11",9.55807186514467,0.518
2021-07-26,"2",3.28630575839852,2.9104
2021-07-26,"3",3.70461434328282,6.1256
2021-07-26,"4",4.10339468151101,2.2821
2021-07-26,"5",4.66472145292114,11.6967
2021-07-26,"6",3.13373576199398,7.104
2021-07-26,"7",2.67750390534415,2.9628
2021-07-26,"8",3.60367338661352,0.8038
2021-07-26,"9",5.55244463494327,0.619
2022-02-24,"0.1",2.02592738741474,6.5733
2022-02-24,"1",2.02592738741474,7.1169
2022-02-24,"10",2.12541693879811,9.1766
2022-02-24,"11",NA,9.1766
2022-02-24,"2",2.02592738741474,7.1548
2022-02-24,"3",2.02592738741474,8.8153
2022-02-24,"4",2.02592738741474,7.8638
2022-02-24,"5",2.02592738741474,9.5499
2022-02-24,"6",2.02592738741474,10.2151
2022-02-24,"7",1.43656820825237,10.1229
2022-02-24,"8",0.992083766881678,10.5606
2022-02-24,"9",1.13439463281167,10.3241
2022-03-22,"0.1",0.177738769820736,1.398
2022-03-22,"1",0.177738769820736,3.4486
2022-03-22,"10",2.35779005179915,3.957
2022-03-22,"11",NA,3.957
2022-03-22,"2",0.177738769820736,6.0299
2022-03-22,"3",1.08222660402139,7.1706
2022-03-22,"4",1.79503623668828,7.6058
2022-03-22,"5",2.07275502039619,7.7297
2022-03-22,"6",2.20072588646436,6.1547
2022-03-22,"7",2.27551269461954,5.5193
2022-03-22,"8",2.32595415709845,5.4465
2022-03-22,"9",2.35173888124826,4.491
2022-04-12,"0.1",0.160388108467976,6.527
2022-04-12,"1",0.160392213271913,7.8576
2022-04-12,"10",1.91308377404475,6.7241
2022-04-12,"11",NA,6.7241
2022-04-12,"2",0.160402832090716,14.064
2022-04-12,"3",0.16042139517155,16.0029
2022-04-12,"4",0.160465927045419,15.0753
2022-04-12,"5",0.179514803039735,13.2371
2022-04-12,"6",0.199103724304596,11.4534
2022-04-12,"7",0.291771247382067,8.8785
2022-04-12,"8",0.331386934795642,7.961
2022-04-12,"9",1.72342247348851,8.4595
2022-05-02,"0.1",0.317421955960044,1.3102
2022-05-02,"1",0.318216995594452,2.4954
2022-05-02,"10",4.15329892951052,3.0976
2022-05-02,"11",NA,3.0976
2022-05-02,"2",0.341829160287415,3.3836
2022-05-02,"3",0.485091422257768,3.9357
2022-05-02,"4",0.504872434223194,3.84
2022-05-02,"5",0.630009344729401,14.7351
2022-05-02,"6",0.667864761814356,6.7019
2022-05-02,"7",1.30677586846147,3.872
2022-05-02,"8",1.76683057647047,3.8347
2022-05-02,"9",3.49615103142961,3.0866
