"DateTime","Depth","OXY_oxy"
2015-07-30,0.1,164.0625
2015-07-30,1,189.375
2015-07-30,2,210.3125
2015-07-30,3,212.1875
2015-07-30,4,216.875
2015-07-30,5,28.125
2015-07-30,6,33.4375
2015-07-30,7,52.8125
2015-07-30,8,36.5625
2015-07-30,9,39.375
2015-07-30,10,42.5
2015-07-30,11,44.0625
2015-08-13,0.1,185
2015-08-13,1,198.125
2015-08-13,2,196.875
2015-08-13,3,196.5625
2015-08-13,4,165.3125
2015-08-13,5,30.3125
2015-08-13,6,22.5
2015-08-13,7,32.5
2015-08-13,8,20.9375
2015-08-13,9,21.25
2015-08-13,10,22.8125
2015-08-13,11,22.8125
2016-04-05,0.1,301.25
2016-04-05,1,300.9375
2016-04-05,2,301.5625
2016-04-05,3,300.3125
2016-04-05,4,298.4375
2016-04-05,5,295.46875
2016-04-05,7,270.46875
2016-04-05,8,258.75
2016-04-05,9,247.65625
2016-04-05,10,234.53125
2016-04-05,11,230
2017-03-17,0.1,361.5625
2017-03-17,3,364.375
2017-03-17,6,362.8125
2017-03-17,9,362.1875
2017-03-17,11,363.75
2017-04-10,0.1,331.25
2017-04-10,3,329.375
2017-04-10,6,311.875
2017-04-10,9,256.875
2017-04-10,11,215.9375
2017-05-05,0.1,282.8125
2017-05-05,1,285
2017-05-05,2,288.4375
2017-05-05,3,284.6875
2017-05-05,4,305
2017-05-05,5,293.75
2017-05-05,6,299.6875
2017-05-05,7,231.875
2017-05-05,8,150
2017-05-05,9,47.1875
2017-05-05,10,18.75
2017-05-05,11,15
2017-05-10,0.1,285.3125
2017-05-10,1,284.6875
2017-05-10,2,284.0625
2017-05-10,3,282.5
2017-05-10,4,272.5
2017-05-10,5,247.5
2017-05-10,6,242.8125
2017-05-10,7,163.4375
2017-05-10,8,85
2017-05-10,9,23.4375
2017-05-10,10,13.4375
2017-05-10,11,12.1875
2017-05-18,0.1,275
2017-05-18,1,277.8125
2017-05-18,2,278.125
2017-05-18,3,305.9375
2017-05-18,4,265.625
2017-05-18,5,206.5625
2017-05-18,6,165.625
2017-05-18,7,93.75
2017-05-18,8,20.625
2017-05-18,9,14.6875
2017-05-18,10,13.125
2017-05-18,11,11.5625
2017-05-25,0.1,286.25
2017-05-25,1,287.5
2017-05-25,2,288.125
2017-05-25,3,285.625
2017-05-25,4,284.6875
2017-05-25,5,198.4375
2017-05-25,6,115.625
2017-05-25,7,75.625
2017-05-25,8,49.375
2017-05-25,9,17.1875
2017-05-25,10,15
2017-05-25,11,14.0625
2017-05-30,0.1,281.875
2017-05-30,1,281.875
2017-05-30,2,281.875
2017-05-30,3,290
2017-05-30,4,250
2017-05-30,5,180.625
2017-05-30,6,120.625
2017-05-30,7,62.5
2017-05-30,8,18.75
2017-05-30,9,15.3125
2017-05-30,10,14.6875
2017-05-30,11,14.0625
2017-06-01,0.1,290.625
2017-06-01,1,292.8125
2017-06-01,2,292.8125
2017-06-01,3,311.25
2017-06-01,4,260.625
2017-06-01,5,170
2017-06-01,6,110.9375
2017-06-01,7,58.4375
2017-06-01,8,24.375
2017-06-01,9,16.875
2017-06-01,10,15
2017-06-01,11,15.3125
2017-06-08,0.1,286.5625
2017-06-08,1,286.25
2017-06-08,2,285.9375
2017-06-08,3,281.5625
2017-06-08,4,209.0625
2017-06-08,5,148.75
2017-06-08,6,55
2017-06-08,7,30.9375
2017-06-08,8,15.625
2017-06-08,9,14.6875
2017-06-08,10,14.375
2017-06-08,11,14.375
2017-06-22,0.1,275.9375
2017-06-22,1,278.125
2017-06-22,2,279.375
2017-06-22,3,268.4375
2017-06-22,4,142.8125
2017-06-22,5,96.25
2017-06-22,6,29.6875
2017-06-22,7,14.375
2017-06-22,8,12.8125
2017-06-22,9,11.875
2017-06-22,10,11.5625
2017-06-22,11,11.875
2017-06-29,0.1,282.8125
2017-06-29,1,289.0625
2017-06-29,2,284.375
2017-06-29,3,194.0625
2017-06-29,4,45.3125
2017-06-29,5,39.0625
2017-06-29,6,14.0625
2017-06-29,7,13.125
2017-06-29,8,13.125
2017-06-29,9,13.125
2017-06-29,10,13.125
2017-06-29,11,12.8125
2017-07-07,0.1,265.3125
2017-07-07,1,264.6875
2017-07-07,2,265.625
2017-07-07,3,263.125
2017-07-07,4,17.1875
2017-07-07,5,13.4375
2017-07-07,6,12.5
2017-07-07,7,12.5
2017-07-07,8,12.5
2017-07-07,9,11.875
2017-07-07,10,12.1875
2017-07-13,0.1,262.1875
2017-07-13,1,269.6875
2017-07-13,2,275.625
2017-07-13,4,66.5625
2017-07-13,5,15.9375
2017-07-13,6,14.375
2017-07-13,7,13.75
2017-07-13,8,13.125
2017-07-13,9,13.75
2017-07-13,10,13.125
2017-07-20,0.1,285
2017-07-20,1,289.0625
2017-07-20,2,282.1875
2017-07-20,4,17.1875
2017-07-20,5,13.75
2017-07-20,6,13.4375
2017-07-20,7,14.0625
2017-07-20,8,13.4375
2017-07-20,9,13.4375
2017-07-27,0.1,256.5625
2017-07-27,1,256.875
2017-07-27,2,247.1875
2017-07-27,4,161.5625
2017-07-27,5,14.6875
2017-07-27,6,13.75
2017-07-27,7,13.125
2017-07-27,8,12.8125
2017-07-27,9,13.125
2017-08-03,0.1,263.75
2017-08-03,1,271.5625
2017-08-03,2,241.5625
2017-08-03,4,142.1875
2017-08-03,5,14.375
2017-08-03,6,11.5625
2017-08-03,7,11.5625
2017-08-03,8,11.5625
2017-08-03,9,11.25
2017-08-10,0.1,267.5
2017-08-10,1,266.5625
2017-08-10,2,228.125
2017-08-10,4,177.8125
2017-08-10,5,14.375
2017-08-10,6,13.125
2017-08-10,7,12.8125
2017-08-10,8,12.5
2017-08-10,9,12.5
2017-08-10,10,12.5
2017-08-17,0.1,271.25
2017-08-17,1,285.9375
2017-08-17,2,250.3125
2017-08-17,4,147.8125
2017-08-17,5,16.5625
2017-08-17,6,14.0625
2017-08-17,7,14.0625
2017-08-17,8,13.75
2017-08-17,9,13.75
2017-08-17,10,13.75
2017-08-24,0.1,260.625
2017-08-24,1,261.875
2017-08-24,2,260
2017-08-24,4,102.8125
2017-08-24,5,12.5
2017-08-24,6,12.8125
2017-08-24,7,11.5625
2017-08-24,8,12.1875
2017-08-24,9,12.1875
2017-09-05,0.1,295.625
2017-09-05,1,308.125
2017-09-05,2,257.8125
2017-09-05,3,232.5
2017-09-05,4,189.375
2017-09-05,5,27.1875
2017-09-05,6,17.1875
2017-09-05,7,16.25
2017-09-05,8,15.625
2017-09-05,9,15.625
2017-09-19,0.1,309.0625
2017-09-19,1,311.5625
2017-09-19,2,246.25
2017-09-19,3,199.375
2017-09-19,4,156.875
2017-09-19,5,20
2017-09-19,6,16.25
2017-09-19,7,15
2017-09-19,8,15
2017-09-19,9,14.6875
2017-09-19,10,14.6875
2017-10-03,0.1,280.3125
2017-10-03,1,284.0625
2017-10-03,2,276.5625
2017-10-03,3,154.0625
2017-10-03,4,20
2017-10-03,5,14.0625
2017-10-03,6,13.75
2017-10-03,7,13.4375
2017-10-03,8,13.125
2017-10-03,9,13.125
2017-10-17,0.1,259.6875
2017-10-17,1,260.625
2017-10-17,2,260.3125
2017-10-17,3,259.6875
2017-10-17,4,255
2017-10-17,5,225.625
2017-10-17,6,34.6875
2017-10-17,7,12.5
2017-10-17,8,10.3125
2017-10-17,9,9.375
2017-10-17,10,8.75
2017-10-17,11,8.4375
2017-11-07,0.1,241.5625
2017-11-07,1,237.8125
2017-11-07,2,237.1875
2017-11-07,3,226.875
2017-11-07,4,206.5625
2017-11-07,5,202.5
2017-11-07,6,194.0625
2017-11-07,7,174.0625
2017-11-07,8,155
2017-11-07,9,132.1875
2018-05-04,0.1,279.615625
2018-05-04,1,255.253125
2018-05-04,2,314.209375
2018-05-04,3,301.60625
2018-05-04,4,272.59375
2018-05-04,5,261.753125
2018-05-04,6,239.2125
2018-05-04,7,196.825
2018-05-04,8,113.875
2018-05-04,9,79.746875
2018-05-04,10,36.896875
2018-05-04,11,30.48125
2018-05-11,0.1,258.521875
2018-05-11,1,264.046875
2018-05-11,2,323.30625
2018-05-11,3,310.321875
2018-05-11,4,270.290625
2018-05-11,5,213.328125
2018-05-11,6,160.66875
2018-05-11,7,141.39375
2018-05-11,8,48.46875
2018-05-11,9,10.01875
2018-05-11,10,22.3
2018-05-11,11,3.165625
2018-05-17,0.1,243.8125
2018-05-17,1,279.2875
2018-05-17,2,316.6375
2018-05-17,3,299.296875
2018-05-17,4,224.978125
2018-05-17,5,167.20625
2018-05-17,6,139.503125
2018-05-17,7,114.715625
2018-05-17,8,11.471875
2018-05-17,9,3.915625
2018-05-17,10,3.478125
2018-05-17,11,3.334375
2018-05-24,0.1,187.2625
2018-05-24,1,301.778125
2018-05-24,2,263.278125
2018-05-24,3,291.675
2018-05-24,4,249.3625
2018-05-24,5,177.078125
2018-05-24,6,122.525
2018-05-24,7,72.965625
2018-05-24,8,3.86875
2018-05-24,9,3.321875
2018-05-24,10,2.965625
2018-05-24,11,2.515625
2018-05-31,0.1,187.66875
2018-05-31,1,263.34375
2018-05-31,2,335.625
2018-05-31,3,272.55
2018-05-31,4,249.346875
2018-05-31,5,156.875
2018-05-31,6,86.03125
2018-05-31,7,54.984375
2018-05-31,8,3.5375
2018-05-31,9,3.684375
2018-05-31,10,3.203125
2018-05-31,11,2.95625
2018-06-07,0.1,266.83125
2018-06-07,1,265.5625
2018-06-07,2,285.459375
2018-06-07,3,279.259375
2018-06-07,4,187.846875
2018-06-07,5,132.58125
2018-06-07,6,52.01875
2018-06-07,7,10.2125
2018-06-07,8,3.840625
2018-06-07,9,3.39375
2018-06-07,10,2.828125
2018-06-07,11,2.71875
2018-06-14,0.1,275.478125
2018-06-14,1,276.253125
2018-06-14,2,272.0625
2018-06-14,3,266.49375
2018-06-14,4,169.353125
2018-06-14,5,102.728125
2018-06-14,6,16.040625
2018-06-14,7,3.5625
2018-06-14,8,2.6625
2018-06-14,9,2.48125
2018-06-14,10,2.403125
2018-06-14,11,2.353125
2018-06-21,0.1,254.265625
2018-06-21,1,251.45
2018-06-21,2,347.20625
2018-06-21,3,236.159375
2018-06-21,4,83.078125
2018-06-21,5,13.6
2018-06-21,6,30.36875
2018-06-21,7,3.03125
2018-06-21,8,2.778125
2018-06-21,9,2.603125
2018-06-21,10,2.60625
2018-06-21,11,2.609375
2018-06-28,0.1,287.50625
2018-06-28,1,288.6625
2018-06-28,2,287.49375
2018-06-28,3,129.49375
2018-06-28,4,31.340625
2018-06-28,5,4.475
2018-06-28,6,3
2018-06-28,7,3.009375
2018-06-28,8,2.871875
2018-06-28,9,2.725
2018-06-28,10,2.709375
2018-06-28,11,2.59375
2018-07-05,0.1,255.859375
2018-07-05,1,448.971875
2018-07-05,2,329.915625
2018-07-05,3,153.9125
2018-07-05,4,8.665625
2018-07-05,5,6.146875
2018-07-05,6,4.55
2018-07-05,7,3.778125
2018-07-05,8,3.490625
2018-07-05,9,2.8
2018-07-05,10,2.8625
2018-07-05,11,2.784375
2018-07-12,0.1,292.253125
2018-07-12,1,327.25
2018-07-12,2,356.10625
2018-07-12,3,78.659375
2018-07-12,4,6.2375
2018-07-12,5,3.934375
2018-07-12,6,3.528125
2018-07-12,7,3.3875
2018-07-12,8,3.21875
2018-07-12,9,2.65
2018-07-12,10,2.765625
2018-07-12,11,2.50625
2018-07-19,0.1,234.99375
2018-07-19,1,313.01875
2018-07-19,2,241.403125
2018-07-19,3,28.340625
2018-07-19,4,5.196875
2018-07-19,5,2.534375
2018-07-19,6,2.271875
2018-07-19,7,2.159375
2018-07-19,8,2.21875
2018-07-19,9,1.94375
2018-07-19,10,2.121875
2018-07-19,11,2.121875
2018-07-26,0.1,276.665625
2018-07-26,1,277.640625
2018-07-26,2,276.915625
2018-07-26,3,271.403125
2018-07-26,4,8.15
2018-07-26,5,4.98125
2018-07-26,6,3.61875
2018-07-26,7,3.165625
2018-07-26,8,2.959375
2018-07-26,9,2.959375
2018-07-26,10,2.959375
2018-07-26,11,2.959375
2018-08-02,0.1,246.1
2018-08-02,1,250.0875
2018-08-02,2,154.721875
2018-08-02,3,5.425
2018-08-02,4,4.221875
2018-08-02,5,3.678125
2018-08-02,6,3.315625
2018-08-02,7,2.971875
2018-08-02,8,2.740625
2018-08-02,9,2.759375
2018-08-02,10,2.3625
2018-08-02,11,2.590625
2018-08-09,0.1,213.8875
2018-08-09,1,263.896875
2018-08-09,2,260.2125
2018-08-09,3,0
2018-08-09,4,7.865625
2018-08-09,5,4.20625
2018-08-09,6,3.54375
2018-08-09,7,2.975
2018-08-09,8,3.265625
2018-08-09,9,2.5375
2018-08-09,10,2.5375
2018-08-09,11,2.5375
2018-08-16,0.1,303.590625
2018-08-16,1,302.803125
2018-08-16,2,290.959375
2018-08-16,3,5.328125
2018-08-16,4,80.578125
2018-08-16,5,3.634375
2018-08-16,6,2.790625
2018-08-16,7,2.734375
2018-08-16,8,2.33125
2018-08-16,9,2.340625
2018-08-16,10,2.1375
2018-08-16,11,2.234375
2018-08-24,0.1,259.53125
2018-08-24,1,257.565625
2018-08-24,2,231.415625
2018-08-24,3,123.75625
2018-08-24,4,156.928125
2018-08-24,5,3.715625
2018-08-24,6,2.8
2018-08-24,7,2.5
2018-08-24,8,2.553125
2018-08-24,9,2.0875
2018-08-24,10,2.36875
2018-08-24,11,2.121875
2018-09-07,0.1,250.521875
2018-09-07,1,246.990625
2018-09-07,2,239.271875
2018-09-07,3,108.915625
2018-09-07,4,86.509375
2018-09-07,5,4.890625
2018-09-07,6,3.646875
2018-09-07,7,3.16875
2018-09-07,8,2.91875
2018-09-07,9,2.628125
2018-09-07,10,2.371875
2018-09-07,11,2.371875
2018-09-21,0.1,263.8125
2018-09-21,1,261.996875
2018-09-21,2,244.628125
2018-09-21,3,192.321875
2018-09-21,4,29.240625
2018-09-21,5,4.025
2018-09-21,6,3.48125
2018-09-21,7,2.7625
2018-09-21,8,2.6
2018-09-21,9,2.43125
2018-09-21,10,2.28125
2018-09-21,11,2.1625
2018-10-05,0.1,267.96875
2018-10-05,1,278.909375
2018-10-05,2,270.6625
2018-10-05,3,251.775
2018-10-05,4,29.228125
2018-10-05,5,4.171875
2018-10-05,6,3.2875
2018-10-05,7,3.05
2018-10-05,8,2.95
2018-10-05,9,2.784375
2018-10-05,10,2.421875
2018-10-05,11,2.4
2018-10-19,0.1,220.575
2018-10-19,1,227.8
2018-10-19,2,224.6375
2018-10-19,3,222.18125
2018-10-19,4,218.825
2018-10-19,5,217.953125
2018-10-19,6,185.509375
2018-10-19,7,8.5125
2018-10-19,8,5.334375
2018-10-19,9,4
2018-10-19,10,3.609375
2018-10-19,11,3.609375
2018-10-29,0.1,320.625
2018-10-29,1,318.75
2018-10-29,2,318.75
2018-10-29,3,317.8125
2018-10-29,4,317.8125
2018-10-29,5,315.9375
2018-10-29,6,314.6875
2018-10-29,7,314.6875
2018-10-29,8,314.375
2018-10-29,9,313.75
2018-10-29,10,312.8125
2018-10-29,11,313.125
2018-11-02,0.1,269.796875
2018-11-02,1,251.8125
2018-11-02,2,248.384375
2018-11-02,3,226.96875
2018-11-02,4,222.375
2018-11-02,5,211.809375
2018-11-02,6,205.1375
2018-11-02,7,187.428125
2018-11-02,8,171.725
2018-11-02,9,145.95625
2018-11-02,10,0
2018-11-02,11,6.09375
2018-11-16,0.1,296.75625
2018-11-16,1,297.1625
2018-11-16,2,296.5625
2018-11-16,3,296.115625
2018-11-16,4,295.05
2018-11-16,5,296.265625
2018-11-16,6,296.278125
2018-11-16,7,295.29375
2018-11-16,8,295.2375
2018-11-16,9,295.4
2018-11-16,10,295.49375
2018-11-16,11,118.565625
2018-12-06,0.1,303.41875
2018-12-06,1,358.25625
2018-12-06,2,357.384375
2018-12-06,3,358.384375
2018-12-06,4,356.375
2018-12-06,5,356.96875
2018-12-06,6,357.828125
2018-12-06,7,357.8625
2018-12-06,8,357.13125
2018-12-06,9,356.68125
2018-12-06,10,357.903125
2018-12-06,11,357.1375
2019-04-08,0.1,366.25
2019-04-08,1,370.9375
2019-04-08,2,373.125
2019-04-08,3,376.25
2019-04-08,4,388.125
2019-04-08,5,381.875
2019-04-08,6,373.75
2019-04-08,7,364.375
2019-04-08,8,329.0625
2019-04-08,9,307.5
2019-04-08,10,302.1875
2019-04-08,11,287.8125
2019-04-29,0.1,330
2019-04-29,1,336.25
2019-04-29,2,338.125
2019-04-29,3,339.6875
2019-04-29,4,344.375
2019-04-29,5,346.875
2019-04-29,6,357.8125
2019-04-29,7,321.875
2019-04-29,8,212.5
2019-04-29,9,141.5625
2019-04-29,10,121.25
2019-04-29,11,116.5625
2019-05-16,0.1,286.875
2019-05-16,1,285
2019-05-16,2,285.3125
2019-05-16,3,286.5625
2019-05-16,4,285.9375
2019-05-16,5,347.1875
2019-05-16,6,360.3125
2019-05-16,7,367.5
2019-05-16,8,305
2019-05-16,9,30.9375
2019-05-16,10,20.3125
2019-05-16,11,18.75
2019-05-23,0.1,316.25
2019-05-23,1,319.6875
2019-05-23,2,318.125
2019-05-23,3,341.25
2019-05-23,4,325.3125
2019-05-23,5,345.9375
2019-05-23,8,56.25
2019-05-23,9,27.1875
2019-05-23,10,22.8125
2019-05-23,11,20.9375
2019-05-30,0.1,261.875
2019-05-30,1,262.1875
2019-05-30,2,259.375
2019-05-30,3,292.1875
2019-05-30,4,291.5625
2019-05-30,5,318.75
2019-05-30,6,357.8125
2019-05-30,7,337.1875
2019-05-30,8,27.5
2019-05-30,9,22.5
2019-05-30,10,20.3125
2019-05-30,11,18.4375
2019-06-06,0.1,289.0625
2019-06-06,1,291.5625
2019-06-06,2,290.625
2019-06-06,3,291.875
2019-06-06,4,290.9375
2019-06-06,5,324.375
2019-06-06,6,386.25
2019-06-06,7,376.5625
2019-06-06,8,28.125
2019-06-06,9,22.5
2019-06-06,10,20.625
2019-06-06,11,19.0625
2019-06-13,0.1,240.375
2019-06-13,1,242.49375
2019-06-13,2,241.428125
2019-06-13,3,243.55
2019-06-13,4,248.115625
2019-06-13,5,310.3875
2019-06-13,6,271.8625
2019-06-13,7,1.99375
2019-06-13,8,4.621875
2019-06-13,9,3.740625
2019-06-13,10,3.35
2019-06-13,11,3.00625
2019-06-20,0.1,243.596875
2019-06-20,1,242.65625
2019-06-20,2,243.665625
2019-06-20,3,238.521875
2019-06-20,4,227.090625
2019-06-20,5,295.515625
2019-06-20,6,259.053125
2019-06-20,7,123.875
2019-06-20,8,7.5
2019-06-20,9,4.434375
2019-06-20,10,3.7875
2019-06-20,11,3.228125
2019-06-27,0.1,258.471875
2019-06-27,1,258.76875
2019-06-27,2,266.821875
2019-06-27,3,262.865625
2019-06-27,4,249.640625
2019-06-27,5,294.878125
2019-06-27,6,308.5125
2019-06-27,7,6.334375
2019-06-27,8,3.4875
2019-06-27,9,2.834375
2019-06-27,10,2.453125
2019-06-27,11,2.33125
2019-07-03,0.1,216.51875
2019-07-03,1,184.46875
2019-07-03,2,194.640625
2019-07-03,3,224.065625
2019-07-03,4,224.85
2019-07-03,5,253.4875
2019-07-03,6,245.2875
2019-07-03,7,2.95
2019-07-03,8,4.196875
2019-07-03,9,2.98125
2019-07-03,10,2.653125
2019-07-03,11,2.53125
2019-07-10,1,240.215625
2019-07-10,2,232.45625
2019-07-10,3,223.903125
2019-07-10,4,195.30625
2019-07-10,5,229.971875
2019-07-10,6,161.8375
2019-07-10,7,5.803125
2019-07-10,8,3.73125
2019-07-10,9,2.4125
2019-07-10,10,3.290625
2019-07-10,11,2.671875
2019-07-11,0.1,201.659375
2019-07-11,1,232.66875
2019-07-11,2,182.55
2019-07-11,3,217.09375
2019-07-11,4,189.4125
2019-07-11,5,220.428125
2019-07-11,6,138.371875
2019-07-11,7,2.796875
2019-07-11,8,3.921875
2019-07-11,9,3.3
2019-07-11,10,2.484375
2019-07-11,11,1.9875
2019-07-24,0.1,219.165625
2019-07-24,1,227.56875
2019-07-24,2,225.15
2019-07-24,3,219.5875
2019-07-24,4,219.13125
2019-07-24,5,87.39375
2019-07-24,6,5.371875
2019-07-24,7,3.29375
2019-07-24,8,2.6875
2019-07-24,9,3.03125
2019-07-24,10,2.259375
2019-07-24,11,2.253125
2019-07-25,0.1,222.753125
2019-07-25,1,228.81875
2019-07-25,2,219.846875
2019-07-25,3,212.603125
2019-07-25,4,229.98125
2019-07-25,5,88.21875
2019-07-25,6,5.46875
2019-07-25,7,4.578125
2019-07-25,8,2.93125
2019-07-25,9,3.4
2019-07-25,10,2.396875
2019-07-25,11,3.0625
2019-08-01,0.1,167.978125
2019-08-01,1,226.534375
2019-08-01,2,223.828125
2019-08-01,3,196.025
2019-08-01,4,129.390625
2019-08-01,5,37.165625
2019-08-01,6,3.025
2019-08-01,7,2.878125
2019-08-01,8,2.4875
2019-08-01,9,2.36875
2019-08-01,10,2.11875
2019-08-01,11,2.05625
2019-08-08,0.1,206.471875
2019-08-08,2,231.2875
2019-08-08,3,215.925
2019-08-08,4,11.846875
2019-08-08,5,2.971875
2019-08-08,6,2.590625
2019-08-08,7,2.365625
2019-08-08,8,2.240625
2019-08-08,9,2.128125
2019-08-08,10,2.23125
2019-08-08,11,2.146875
2019-08-14,0.1,231.746875
2019-08-14,1,233.740625
2019-08-14,2,234.696875
2019-08-14,3,230.88125
2019-08-14,4,15.096875
2019-08-14,5,3.54375
2019-08-14,6,2.6125
2019-08-14,7,2.465625
2019-08-14,8,2.18125
2019-08-14,9,2.075
2019-08-14,10,1.79375
2019-08-14,11,2.021875
2019-08-22,0.1,232.740625
2019-08-22,1,222.221875
2019-08-22,2,212.196875
2019-08-22,3,193.91875
2019-08-22,4,185.003125
2019-08-22,5,0
2019-08-22,6,4.825
2019-08-22,7,6.778125
2019-08-22,8,5.990625
2019-08-22,9,4.415625
2019-08-22,10,3.546875
2019-08-22,11,3.021875
2019-09-04,0.1,180.546875
2019-09-04,1,188.2
2019-09-04,2,179.625
2019-09-04,3,214.625
2019-09-04,4,186.30625
2019-09-04,5,247.359375
2019-09-04,6,6.51875
2019-09-04,7,3.134375
2019-09-04,8,2.446875
2019-09-04,9,2.234375
2019-09-04,10,1.9625
2019-09-04,11,1.98125
2019-09-20,0.1,167.99375
2019-09-20,1,124.734375
2019-09-20,2,132.209375
2019-09-20,3,145.603125
2019-09-20,4,129.275
2019-09-20,5,4.2625
2019-09-20,6,3.44375
2019-09-20,7,2.659375
2019-09-20,8,2.353125
2019-09-20,9,1.946875
2019-09-20,10,1.96875
2019-09-20,11,1.846875
2019-10-04,0.1,176.85
2019-10-04,1,184.8125
2019-10-04,2,181.478125
2019-10-04,3,76.146875
2019-10-04,4,4.6625
2019-10-04,5,1.603125
2019-10-04,6,1.59375
2019-10-04,7,1.715625
2019-10-04,8,1.278125
2019-10-04,9,1.3625
2019-10-04,10,1.28125
2019-10-04,11,1.2375
2019-10-07,3,146.85625
2019-10-07,4,110.86875
2019-10-07,5,2.253125
2019-10-07,6,1.703125
2019-10-07,7,1.528125
2019-10-07,8,1.3875
2019-10-07,9,1.36875
2019-10-07,10,1.36875
2019-10-07,11,1.36875
2019-10-18,0.1,119.609375
2019-10-18,1,157.190625
2019-10-18,2,156.6125
2019-10-18,3,156.80625
2019-10-18,4,157.5125
2019-10-18,5,156.8625
2019-10-18,6,157.10625
2019-10-18,7,156.278125
2019-10-18,8,4.16875
2019-10-18,9,3.528125
2019-10-18,10,2.95
2019-10-18,11,2.95
2019-10-28,0.1,165.271875
2019-10-28,2,161.68125
2019-10-28,3,152.50625
2019-10-28,4,149.984375
2019-10-28,5,135.3875
2019-10-28,6,122.903125
2019-10-28,7,88.078125
2019-10-28,8,3.071875
2019-10-28,9,2.028125
2019-10-28,10,1.734375
2019-10-28,11,1.734375
2019-11-15,0.1,211.10625
2019-11-15,1,211.41875
2019-11-15,2,210.446875
2019-11-15,3,210.49375
2019-11-15,4,210.346875
2019-11-15,5,208.471875
2019-11-15,6,208.6625
2019-11-15,7,208.784375
2019-11-15,8,209.265625
2019-11-15,9,208.79375
2019-11-15,10,206.959375
2019-11-15,11,206.959375
2019-12-06,0.1,255.609375
2019-12-06,1,254.865625
2019-12-06,2,255.221875
2019-12-06,3,254.95625
2019-12-06,4,255.1125
2019-12-06,5,255.71875
2019-12-06,6,254.175
2019-12-06,7,253.903125
2019-12-06,8,254.821875
2019-12-06,9,253.70625
2019-12-06,10,253.85
2019-12-06,11,253.85
2020-03-16,0.1,387.1875
2020-03-16,1,382.8125
2020-03-16,2,380
2020-03-16,3,383.4375
2020-03-16,4,382.5
2020-03-16,5,380.9375
2020-03-16,6,376.5625
2020-03-16,7,368.75
2020-03-16,8,359.375
2020-03-16,9,355
2020-03-16,10,350
2020-05-14,0.1,275.3125
2020-05-14,1,277.1875
2020-05-14,2,277.1875
2020-05-14,3,276.875
2020-05-14,4,263.75
2020-05-14,5,256.25
2020-05-14,6,250.625
2020-05-14,7,243.75
2020-05-14,8,200
2020-05-14,9,18.75
2020-05-14,10,19.375
2020-05-14,11,18.75
2020-06-04,0.1,316.25
2020-06-04,1,315.3125
2020-06-04,2,325.625
2020-06-04,3,394.375
2020-06-04,4,394.6875
2020-06-04,5,354.0625
2020-06-04,6,287.1875
2020-06-04,7,221.875
2020-06-04,8,119.375
2020-06-04,9,18.75
2020-06-04,10,18.4375
2020-06-04,11,17.8125
2020-06-18,0.1,166.559375
2020-06-18,1,178.7375
2020-06-18,2,175.76875
2020-06-18,3,197.753125
2020-06-18,4,174.621875
2020-06-18,5,172.7125
2020-06-18,6,92.15
2020-06-18,7,45.471875
2020-06-18,8,2.490625
2020-06-18,9,1.528125
2020-06-18,10,1.49375
2020-06-18,11,1.31875
2020-06-25,0.1,178.290625
2020-06-25,1,177.4375
2020-06-25,2,214.103125
2020-06-25,3,190.1875
2020-06-25,4,152.4875
2020-06-25,5,125.8875
2020-06-25,6,93.30625
2020-06-25,7,13.765625
2020-06-25,8,2.24375
2020-06-25,9,1.5625
2020-06-25,10,1.53125
2020-06-25,11,1.290625
2020-07-02,0.1,182.465625
2020-07-02,1,174.165625
2020-07-02,2,232.159375
2020-07-02,3,214.571875
2020-07-02,4,121.303125
2020-07-02,5,79.853125
2020-07-02,6,44.85625
2020-07-02,7,1.896875
2020-07-02,8,1.340625
2020-07-02,9,1.303125
2020-07-02,10,1.340625
2020-07-02,11,1.20625
2020-07-09,0.1,166.090625
2020-07-09,1,162.640625
2020-07-09,2,232.25625
2020-07-09,3,234.20625
2020-07-09,4,89.790625
2020-07-09,5,41.315625
2020-07-09,6,1.6875
2020-07-09,7,1.403125
2020-07-09,8,1.18125
2020-07-09,9,1.25625
2020-07-09,10,1.203125
2020-07-09,11,1.18125
2020-07-17,0.1,166.571875
2020-07-17,1,109.48125
2020-07-17,2,129.45
2020-07-17,3,126.646875
2020-07-17,4,143.7125
2020-07-17,5,138.340625
2020-07-17,6,166.884375
2020-07-17,7,106.946875
2020-07-17,8,3.3125
2020-07-17,9,1.903125
2020-07-17,10,1.69375
2020-07-17,11,1.53125
2020-07-23,0.1,154.9
2020-07-23,1,155.075
2020-07-23,2,155.0625
2020-07-23,3,190.90625
2020-07-23,4,95.965625
2020-07-23,5,19.36875
2020-07-23,6,1.51875
2020-07-23,7,1.25
2020-07-23,8,1.165625
2020-07-23,9,1.1625
2020-07-23,10,1.296875
2020-07-23,11,1.3875
2020-07-30,0.1,166.8375
2020-07-30,1,164.2
2020-07-30,2,196.475
2020-07-30,3,179
2020-07-30,4,25.7125
2020-07-30,5,1.390625
2020-07-30,6,1.06875
2020-07-30,7,1.08125
2020-07-30,8,1.071875
2020-07-30,9,1.21875
2020-07-30,10,1.215625
2020-07-30,11,1.2
2020-08-06,0.1,112.596875
2020-08-06,1,158.140625
2020-08-06,2,155.5375
2020-08-06,3,105.4875
2020-08-06,4,1.815625
2020-08-06,5,1.265625
2020-08-06,6,1.396875
2020-08-06,7,1.25
2020-08-06,8,1.215625
2020-08-06,9,1.175
2020-08-06,10,1.234375
2020-08-06,11,1.39375
2020-08-12,0.1,177.303125
2020-08-12,1,176.975
2020-08-12,2,180.215625
2020-08-12,3,110.203125
2020-08-12,4,1.23125
2020-08-12,5,1.096875
2020-08-12,6,1.1375
2020-08-12,7,1.175
2020-08-12,8,1.01875
2020-08-12,9,1.303125
2020-08-12,10,1.165625
2020-08-12,11,1.159375
2020-08-20,0.1,169.6125
2020-08-20,1,167.503125
2020-08-20,2,167.69375
2020-08-20,3,44.01875
2020-08-20,4,1.303125
2020-08-20,5,1.096875
2020-08-20,6,1.15
2020-08-20,7,1.309375
2020-08-20,8,1.10625
2020-08-20,9,1.05625
2020-08-20,10,1.20625
2020-08-20,11,1.2125
2020-08-26,0.1,164.9125
2020-08-26,1,165.721875
2020-08-26,2,160.4125
2020-08-26,3,67.028125
2020-08-26,4,1.215625
2020-08-26,5,1.21875
2020-08-26,6,1.121875
2020-08-26,7,1.115625
2020-08-26,8,1.1625
2020-08-26,9,1.065625
2020-08-26,10,1.325
2020-08-26,11,1.328125
2020-09-03,0.1,181.9125
2020-09-03,1,182.728125
2020-09-03,2,188.93125
2020-09-03,3,112.684375
2020-09-03,4,1.85625
2020-09-03,5,1.4875
2020-09-03,6,1.275
2020-09-03,7,1.165625
2020-09-03,8,1.259375
2020-09-03,9,1.15
2020-09-03,10,1.015625
2020-09-03,11,1.240625
2020-09-16,0.1,150.565625
2020-09-16,1,149.58125
2020-09-16,2,150.109375
2020-09-16,3,146.35
2020-09-16,4,0
2020-09-16,5,2.5625
2020-09-16,6,2.0125
2020-09-16,7,1.7375
2020-09-16,8,1.553125
2020-09-16,9,1.51875
2020-09-16,10,1.465625
2020-09-16,11,1.340625
2020-10-01,0.1,183.25
2020-10-01,1,123.296875
2020-10-01,2,136.984375
2020-10-01,3,154.25625
2020-10-01,4,160.053125
2020-10-01,5,47.028125
2020-10-01,6,1.671875
2020-10-01,7,1.55
2020-10-01,8,1.43125
2020-10-01,9,1.221875
2020-10-01,10,1.296875
2020-10-01,11,1.334375
2020-10-14,0.1,288.11875
2020-10-14,1,192.1875
2020-10-14,2,182.653125
2020-10-14,3,204.7375
2020-10-14,4,183.7875
2020-10-14,5,197.059375
2020-10-14,6,139.590625
2020-10-14,7,2.98125
2020-10-14,8,1.871875
2020-10-14,9,1.84375
2020-10-14,10,1.9375
2020-10-14,11,1.8375
2020-10-26,0.1,221.88125
2020-10-26,1,235.36875
2020-10-26,2,261.215625
2020-10-26,3,188.125
2020-10-26,4,178.496875
2020-10-26,5,140.834375
2020-10-26,6,4.76875
2020-10-26,7,2.484375
2020-10-26,8,2.484375
2020-10-26,9,2.4125
2020-10-26,10,2.646875
2020-10-26,11,1.684375
2020-11-10,0.1,281.6875
2020-11-10,1,241.253125
2020-11-10,2,248.615625
2020-11-10,3,219.16875
2020-11-10,4,212.84375
2020-11-10,5,206.578125
2020-11-10,6,199.29375
2020-11-10,7,181.653125
2020-11-10,8,168.215625
2020-11-10,9,151.396875
2020-11-10,10,113.734375
2020-11-10,11,89.125
2021-03-08,0.1,360.13125
2021-03-08,1,354.121875
2021-03-08,2,349.44375
2021-03-08,3,372.090625
2021-03-08,4,376.3625
2021-03-08,5,375.56875
2021-03-08,6,371.9375
2021-03-08,7,376.796875
2021-03-08,8,379.596875
2021-03-08,9,377.61875
2021-03-08,10,377.203125
2021-03-08,11,380.434375
2021-03-31,0.1,324.678125
2021-03-31,1,301.740625
2021-03-31,2,324.35
2021-03-31,3,334.790625
2021-03-31,4,331.203125
2021-03-31,5,323.8
2021-03-31,6,303.528125
2021-03-31,7,284.1
2021-03-31,8,271.203125
2021-03-31,9,271.459375
2021-03-31,10,260.975
2021-03-31,11,260.975
2021-04-05,0.1,279.921875
2021-04-05,1,325.634375
2021-04-05,2,324.559375
2021-04-05,3,320.73125
2021-04-05,4,319.846875
2021-04-05,5,315.9875
2021-04-05,6,313.5875
2021-04-05,7,309.81875
2021-04-05,8,303.18125
2021-04-05,9,299.321875
2021-04-05,10,293.903125
2021-04-05,11,280.20625
2021-05-03,0.1,270.553125
2021-05-03,1,273.0625
2021-05-03,2,275.153125
2021-05-03,3,280.684375
2021-05-03,4,277.45625
2021-05-03,5,190.85625
2021-05-03,6,167.0375
2021-05-03,7,133.00625
2021-05-03,8,87.821875
2021-05-03,9,76.23125
2021-05-03,10,57.0625
2021-05-03,11,53.284375
2021-05-14,0.1,275.709375
2021-05-14,1,279.35
2021-05-14,2,277.725
2021-05-14,3,280.9875
2021-05-14,4,293.7125
2021-05-14,5,233.71875
2021-05-14,6,143.246875
2021-05-14,7,83.5875
2021-05-14,8,36.521875
2021-05-14,9,5.159375
2021-05-14,10,4.8375
2021-05-14,11,4.934375
2021-05-31,0.1,235.125
2021-05-31,1,235.25
2021-05-31,2,243.521875
2021-05-31,3,265.396875
2021-05-31,4,301.46875
2021-05-31,5,243.4
2021-05-31,6,115.625
2021-05-31,7,42.759375
2021-05-31,8,38.059375
2021-05-31,9,37.228125
2021-05-31,10,36.225
2021-05-31,11,35.2625
2021-06-15,0.1,251.875
2021-06-15,1,255.3125
2021-06-15,2,257.1875
2021-06-15,3,256.25
2021-06-15,4,304.375
2021-06-15,5,239.375
2021-06-15,6,120.3125
2021-06-15,7,43.75
2021-06-16,0.1,239.18125
2021-06-16,1,217.79375
2021-06-16,2,255.65
2021-06-16,3,262.9375
2021-06-16,4,287.61875
2021-06-16,5,186.9875
2021-06-16,6,87.51875
2021-06-16,7,44.05
2021-06-16,8,35.8375
2021-06-16,9,31.240625
2021-06-16,10,30.984375
2021-06-16,11,32.44375
2021-06-28,0.1,258.39375
2021-06-28,1,275.015625
2021-06-28,2,284.271875
2021-06-28,3,276.16875
2021-06-28,4,281.18125
2021-06-28,5,116.459375
2021-06-28,6,42.74375
2021-06-28,7,23.525
2021-06-28,8,20.45
2021-06-28,9,18.134375
2021-06-28,10,16.45625
2021-06-28,11,16.753125
2021-07-12,0.1,279.965625
2021-07-12,1,275.2875
2021-07-12,2,282.009375
2021-07-12,3,270.31875
2021-07-12,4,164.384375
2021-07-12,5,51.084375
2021-07-12,6,41.865625
2021-07-12,7,35.025
2021-07-12,8,29.4
2021-07-12,9,25.671875
2021-07-12,10,23.884375
2021-07-12,11,22.446875
2021-07-26,0.1,236.85625
2021-07-26,1,217.99375
2021-07-26,2,257.896875
2021-07-26,3,77.025
2021-07-26,4,44.875
2021-07-26,5,51.515625
2021-07-26,6,46.0875
2021-07-26,7,54.20625
2021-07-26,8,60.146875
2021-07-26,9,60.7125
2021-07-26,10,63.725
2021-07-26,11,63.6625
2021-08-09,0.1,295.625
2021-08-09,1,290.3125
2021-08-09,2,294.375
2021-08-09,3,248.75
2021-08-09,4,26.875
2021-08-23,0.1,280.3125
2021-08-23,1,279.6875
2021-08-23,2,279.0625
2021-08-23,3,275.625
2021-08-23,4,32.8125
2021-08-23,5,6.875
2021-08-23,6,5
2021-08-23,7,4.375
2021-08-23,8,4.375
2021-08-23,9,4.0625
2021-08-23,10,3.4375
2021-08-23,11,3.75
2021-09-06,0.1,272.5
2021-09-06,1,272.8125
2021-09-06,2,271.875
2021-09-06,3,270.625
2021-09-06,4,131.5625
2021-09-06,5,10.3125
2021-09-06,6,6.875
2021-09-06,7,6.5625
2021-09-06,8,5.9375
2021-09-06,9,5.625
2021-09-06,10,5
2021-09-06,11,5
2021-09-21,0.1,240.9375
2021-09-21,1,238.125
2021-09-21,2,233.125
2021-09-21,3,223.75
2021-09-21,4,224.375
2021-09-21,5,14.0625
2021-09-21,6,8.75
2021-09-21,7,7.5
2021-09-21,8,6.25
2021-09-21,9,5.9375
2021-09-21,10,5.9375
2021-09-21,11,5.3125
2021-10-12,0.1,247.1875
2021-10-12,1,249.0625
2021-10-12,2,244.6875
2021-10-12,3,234.0625
2021-10-12,4,225.9375
2021-10-12,5,114.0625
2021-10-12,6,15.9375
2021-10-12,7,9.6875
2021-10-12,8,8.75
2021-10-12,9,8.125
2021-10-12,10,7.8125
2021-10-12,11,7.8125
2021-10-26,0.1,265
2021-10-26,1,265.625
2021-10-26,2,264.375
2021-10-26,3,264.375
2021-10-26,4,263.125
2021-10-26,5,262.8125
2021-10-26,6,262.5
2021-10-26,7,260.9375
2021-10-26,8,261.25
2021-10-26,9,12.8125
2021-10-26,10,11.25
2021-11-09,0.1,291.875
2021-11-09,1,290.625
2021-11-09,2,290.625
2021-11-09,3,290.3125
2021-11-09,4,289.0625
2021-11-09,5,287.5
2021-11-09,6,284.0625
2021-11-09,7,282.8125
2021-11-09,8,280
2021-11-09,9,270.9375
2021-11-09,10,258.75
2021-11-09,11,35
2021-11-22,0.1,353.75
2021-11-22,1,348.125
2021-11-22,2,347.1875
2021-11-22,3,348.125
2021-11-22,4,344.0625
2021-11-22,5,345.3125
2021-11-22,6,345.9375
2021-11-22,7,346.5625
2021-11-22,8,344.6875
2021-11-22,9,345.3125
2021-12-06,0.1,377.8125
2021-12-06,1,376.5625
2021-12-06,2,378.75
2021-12-06,3,375.625
2021-12-06,4,375.9375
2021-12-06,5,375.3125
2021-12-06,6,368.4375
2021-12-06,7,367.8125
2021-12-06,8,365.625
2021-12-06,9,361.25
2021-12-06,10,350
2022-01-26,0.1,389.0625
2022-01-26,1,392.1875
2022-01-26,2,391.25
2022-01-26,3,391.5625
2022-01-26,4,390
2022-01-26,5,387.8125
2022-01-26,6,390
2022-01-26,7,385.3125
2022-01-26,8,386.875
2022-01-26,9,385
2022-01-26,10,376.5625
2022-02-24,0.1,321.734375
2022-02-24,1,367.025
2022-02-24,2,367.69375
2022-02-24,3,367
2022-02-24,4,365.21875
2022-02-24,5,364.621875
2022-02-24,6,364.9875
2022-02-24,7,364.68125
2022-02-24,8,364.15
2022-02-24,9,364.63125
2022-02-24,10,363.446875
2022-02-24,11,363.446875
2022-03-22,0.1,232.8625
2022-03-22,1,241.96875
2022-03-22,2,234.228125
2022-03-22,3,260.15625
2022-03-22,4,255.19375
2022-03-22,5,275.321875
2022-03-22,6,291.015625
2022-03-22,7,276.090625
2022-03-22,8,272.65
2022-03-22,9,252.79375
2022-03-22,10,250.35
2022-03-22,11,250.35
2022-04-12,0.1,279.73125
2022-04-12,1,290.54375
2022-04-12,2,328.15625
2022-04-12,3,324.390625
2022-04-12,4,307.45625
2022-04-12,5,298.128125
2022-04-12,6,276.21875
2022-04-12,7,221.515625
2022-04-12,8,213.175
2022-04-12,9,195.55
2022-04-12,10,78.075
2022-04-12,11,78.075
2022-05-02,0.1,243.215625
2022-05-02,1,284.690625
2022-05-02,2,289.34375
2022-05-02,3,292.3625
2022-05-02,4,298
2022-05-02,5,197.83125
2022-05-02,6,113.140625
2022-05-02,7,17.35
2022-05-02,8,2.23125
2022-05-02,9,2.10625
2022-05-02,10,2.0375
2022-05-02,11,2.0375
