"DateTime","Depth","mod_oxy","obs_oxy"
2015-07-30,"0.1",267.725305198127,164.0625
2015-07-30,"1",267.523272156105,189.375
2015-07-30,"10",0,42.5
2015-07-30,"11",NA,44.0625
2015-07-30,"2",248.401840575065,210.3125
2015-07-30,"3",245.732788259886,212.1875
2015-07-30,"4",254.663567882254,216.875
2015-07-30,"5",294.137953474551,28.125
2015-07-30,"6",229.93439293,33.4375
2015-07-30,"7",196.653929587559,52.8125
2015-07-30,"8",74.9868152345712,36.5625
2015-07-30,"9",0,39.375
2015-08-13,"0.1",262.604466759119,185
2015-08-13,"1",262.80330080453,198.125
2015-08-13,"10",0,22.8125
2015-08-13,"11",NA,22.8125
2015-08-13,"2",254.862105932622,196.875
2015-08-13,"3",256.480007443914,196.5625
2015-08-13,"4",256.480007443914,165.3125
2015-08-13,"5",264.789198563058,30.3125
2015-08-13,"6",213.824920526123,22.5
2015-08-13,"7",189.826483391379,32.5
2015-08-13,"8",81.5622305472316,20.9375
2015-08-13,"9",0,21.25
2016-04-05,"0.1",333.442841408965,301.25
2016-04-05,"1",333.783253768694,300.9375
2016-04-05,"10",287.11520771608,234.53125
2016-04-05,"11",282.306574989705,230
2016-04-05,"2",332.750544166697,301.5625
2016-04-05,"3",319.233292288203,300.3125
2016-04-05,"4",312.593334253705,298.4375
2016-04-05,"5",301.028411256117,295.46875
2016-04-05,"7",192.894600038808,270.46875
2016-04-05,"8",301.766982409323,258.75
2016-04-05,"9",294.970307803066,247.65625
2017-03-17,"0.1",386.667254322215,361.5625
2017-03-17,"11",NA,363.75
2017-03-17,"3",365.54887151096,364.375
2017-03-17,"6",364.093502985508,362.8125
2017-03-17,"9",363.015390283483,362.1875
2017-04-10,"0.1",334.263214575913,331.25
2017-04-10,"11",NA,215.9375
2017-04-10,"3",303.043586877936,329.375
2017-04-10,"6",326.365172493988,311.875
2017-04-10,"9",297.003450554463,256.875
2017-05-05,"0.1",288.341223541825,282.8125
2017-05-05,"1",288.057773814051,285
2017-05-05,"10",0,18.75
2017-05-05,"11",NA,15
2017-05-05,"2",292.363214205486,288.4375
2017-05-05,"3",295.546497797541,284.6875
2017-05-05,"4",304.121890130061,305
2017-05-05,"5",303.490773281473,293.75
2017-05-05,"6",290.56454673377,299.6875
2017-05-05,"7",273.637296944306,231.875
2017-05-05,"8",169.391606531434,150
2017-05-05,"9",13.0868022655784,47.1875
2017-05-10,"0.1",300.272332903503,285.3125
2017-05-10,"1",300.076505968391,284.6875
2017-05-10,"10",29.6797114611694,13.4375
2017-05-10,"11",3.23863229236927,12.1875
2017-05-10,"2",295.330186676317,284.0625
2017-05-10,"3",293.625307927175,282.5
2017-05-10,"4",297.523009961078,272.5
2017-05-10,"5",297.523009961078,247.5
2017-05-10,"6",276.482988020533,242.8125
2017-05-10,"7",244.29236278394,163.4375
2017-05-10,"8",176.408497630027,85
2017-05-10,"9",94.426241132518,23.4375
2017-05-18,"0.1",293.255919768817,275
2017-05-18,"1",293.720435836491,277.8125
2017-05-18,"10",0,13.125
2017-05-18,"11",0,11.5625
2017-05-18,"2",285.241470134598,278.125
2017-05-18,"3",285.937950386236,305.9375
2017-05-18,"4",286.803451681043,265.625
2017-05-18,"5",284.431661091458,206.5625
2017-05-18,"6",266.018058182639,165.625
2017-05-18,"7",235.215879073727,93.75
2017-05-18,"8",138.737879522836,20.625
2017-05-18,"9",23.6675174569394,14.6875
2017-05-25,"0.1",277.249933811124,286.25
2017-05-25,"1",276.758208404526,287.5
2017-05-25,"10",3.99780727618808e-05,15
2017-05-25,"11",0,14.0625
2017-05-25,"2",280.418923606327,288.125
2017-05-25,"3",283.44721008129,285.625
2017-05-25,"4",283.6923408357,284.6875
2017-05-25,"5",283.6923408357,198.4375
2017-05-25,"6",266.222856495452,115.625
2017-05-25,"7",228.755997370283,75.625
2017-05-25,"8",140.490188578884,49.375
2017-05-25,"9",17.2054400725788,17.1875
2017-05-30,"0.1",277.955690900509,281.875
2017-05-30,"1",278.200078712135,281.875
2017-05-30,"10",0.000708453295761237,14.6875
2017-05-30,"11",0.00203070870769375,14.0625
2017-05-30,"2",268.885513963801,281.875
2017-05-30,"3",273.61031439234,290
2017-05-30,"4",276.208531773173,250
2017-05-30,"5",275.387939533851,180.625
2017-05-30,"6",253.826619015413,120.625
2017-05-30,"7",214.406321793778,62.5
2017-05-30,"8",137.044960544106,18.75
2017-05-30,"9",56.8561544330427,15.3125
2017-06-01,"0.1",274.928402594194,290.625
2017-06-01,"1",274.727248597585,292.8125
2017-06-01,"10",0.00174879620959828,15
2017-06-01,"11",0.00103239507841378,15.3125
2017-06-01,"2",268.33853254631,292.8125
2017-06-01,"3",271.1966173296,311.25
2017-06-01,"4",274.250929520338,260.625
2017-06-01,"5",274.971562441394,170
2017-06-01,"6",252.456000346592,110.9375
2017-06-01,"7",214.304402108376,58.4375
2017-06-01,"8",120.95887989504,24.375
2017-06-01,"9",30.8293260457649,16.875
2017-06-08,"0.1",272.342118934017,286.5625
2017-06-08,"1",272.112408048125,286.25
2017-06-08,"10",0.00152363074935878,14.375
2017-06-08,"11",0.000885081202394507,14.375
2017-06-08,"2",269.258141173378,285.9375
2017-06-08,"3",270.57080945777,281.5625
2017-06-08,"4",272.28586830419,209.0625
2017-06-08,"5",270.994372658217,148.75
2017-06-08,"6",242.789890547298,55
2017-06-08,"7",217.86965347573,30.9375
2017-06-08,"8",114.089934857501,15.625
2017-06-08,"9",2.70590639692147,14.6875
2017-06-22,"0.1",256.59776882444,275.9375
2017-06-22,"1",255.470197343656,278.125
2017-06-22,"10",0,11.5625
2017-06-22,"11",NA,11.875
2017-06-22,"2",253.182064003562,279.375
2017-06-22,"3",251.687453508145,268.4375
2017-06-22,"4",253.413703013118,142.8125
2017-06-22,"5",261.725635038512,96.25
2017-06-22,"6",230.687405231994,29.6875
2017-06-22,"7",207.541291862384,14.375
2017-06-22,"8",123.671710233443,12.8125
2017-06-22,"9",2.11928759339405,11.875
2017-06-29,"0.1",262.514118772161,282.8125
2017-06-29,"1",262.26110843265,289.0625
2017-06-29,"10",0.00191180726905926,13.125
2017-06-29,"11",NA,12.8125
2017-06-29,"2",261.55526389078,284.375
2017-06-29,"3",265.049377390787,194.0625
2017-06-29,"4",272.968692335469,45.3125
2017-06-29,"5",274.218194204345,39.0625
2017-06-29,"6",229.021084100479,14.0625
2017-06-29,"7",198.64710192397,13.125
2017-06-29,"8",85.4025215706537,13.125
2017-06-29,"9",0.000744845196306954,13.125
2017-07-07,"0.1",260.309191456959,265.3125
2017-07-07,"1",266.817966005957,264.6875
2017-07-07,"10",0.00329460789059638,12.1875
2017-07-07,"2",273.163104455907,265.625
2017-07-07,"3",270.934003061063,263.125
2017-07-07,"4",270.934003061063,17.1875
2017-07-07,"5",271.211709275879,13.4375
2017-07-07,"6",225.000403733863,12.5
2017-07-07,"7",181.998940399997,12.5
2017-07-07,"8",35.9952052042321,12.5
2017-07-07,"9",0.00641849603503607,11.875
2017-07-13,"0.1",272.01332054238,262.1875
2017-07-13,"1",270.542390334582,269.6875
2017-07-13,"10",0.00228885896107754,13.125
2017-07-13,"2",265.737134623338,275.625
2017-07-13,"4",269.212051462039,66.5625
2017-07-13,"5",252.491717050402,15.9375
2017-07-13,"6",209.881174425589,14.375
2017-07-13,"7",145.749177823512,13.75
2017-07-13,"8",36.6459208021091,13.125
2017-07-13,"9",0.00238434289741944,13.75
2017-07-20,"0.1",266.586766911592,285
2017-07-20,"1",266.504620157333,289.0625
2017-07-20,"2",266.608367338343,282.1875
2017-07-20,"4",267.142641354255,17.1875
2017-07-20,"5",247.469530271948,13.75
2017-07-20,"6",208.145823014168,13.4375
2017-07-20,"7",131.698668280322,14.0625
2017-07-20,"8",19.5024784548761,13.4375
2017-07-20,"9",0.00226111467664236,13.4375
2017-07-27,"0.1",266.418923150556,256.5625
2017-07-27,"1",263.549470733661,256.875
2017-07-27,"2",261.163831144319,247.1875
2017-07-27,"4",267.701439344093,161.5625
2017-07-27,"5",245.895884006546,14.6875
2017-07-27,"6",215.05017765876,13.75
2017-07-27,"7",128.990553849616,13.125
2017-07-27,"8",10.2510575830296,12.8125
2017-07-27,"9",0,13.125
2017-08-03,"0.1",277.481049915893,263.75
2017-08-03,"1",276.910408214514,271.5625
2017-08-03,"2",273.158529549035,241.5625
2017-08-03,"4",276.112799799164,142.1875
2017-08-03,"5",253.61827515693,14.375
2017-08-03,"6",220.200853302538,11.5625
2017-08-03,"7",126.286736144457,11.5625
2017-08-03,"8",6.25066831411743,11.5625
2017-08-03,"9",0.0117724980753541,11.25
2017-08-10,"0.1",278.310183730564,267.5
2017-08-10,"1",275.861967982879,266.5625
2017-08-10,"10",0,12.5
2017-08-10,"2",271.123072962842,228.125
2017-08-10,"4",274.110335767812,177.8125
2017-08-10,"5",256.715772645669,14.375
2017-08-10,"6",228.436433401967,13.125
2017-08-10,"7",149.583073668572,12.8125
2017-08-10,"8",22.581336557929,12.5
2017-08-10,"9",0,12.5
2017-08-17,"0.1",281.306779855086,271.25
2017-08-17,"1",279.389542267158,285.9375
2017-08-17,"10",0,13.75
2017-08-17,"2",270.746021138222,250.3125
2017-08-17,"4",285.704101887202,147.8125
2017-08-17,"5",263.431089983423,16.5625
2017-08-17,"6",230.432223773304,14.0625
2017-08-17,"7",133.669673316489,14.0625
2017-08-17,"8",6.56866402734781,13.75
2017-08-17,"9",0.000163126890721085,13.75
2017-08-24,"0.1",272.312908996708,260.625
2017-08-24,"1",274.368810575124,261.875
2017-08-24,"2",266.336009056569,260
2017-08-24,"4",299.734825064223,102.8125
2017-08-24,"5",277.691789436765,12.5
2017-08-24,"6",243.220912538723,12.8125
2017-08-24,"7",135.818482242815,11.5625
2017-08-24,"8",0,12.1875
2017-08-24,"9",0,12.1875
2017-09-05,"0.1",299.570704896828,295.625
2017-09-05,"1",299.184513966467,308.125
2017-09-05,"2",291.123624780039,257.8125
2017-09-05,"3",287.900487929116,232.5
2017-09-05,"4",289.393379040542,189.375
2017-09-05,"5",276.918510375209,27.1875
2017-09-05,"6",250.111199801798,17.1875
2017-09-05,"7",163.118402301723,16.25
2017-09-05,"8",28.9237766400885,15.625
2017-09-05,"9",0,15.625
2017-09-19,"0.1",320.437300402015,309.0625
2017-09-19,"1",321.208058294716,311.5625
2017-09-19,"10",0,14.6875
2017-09-19,"2",301.82692618428,246.25
2017-09-19,"3",293.22942508715,199.375
2017-09-19,"4",290.574755452896,156.875
2017-09-19,"5",287.709917913783,20
2017-09-19,"6",272.877060575619,16.25
2017-09-19,"7",228.501310221327,15
2017-09-19,"8",13.5159796687218,15
2017-09-19,"9",0,14.6875
2017-10-03,"0.1",325.045667393546,280.3125
2017-10-03,"1",326.099783120802,284.0625
2017-10-03,"2",327.550063814335,276.5625
2017-10-03,"3",326.910395210944,154.0625
2017-10-03,"4",329.531856095581,20
2017-10-03,"5",286.370242118441,14.0625
2017-10-03,"6",264.084707185097,13.75
2017-10-03,"7",253.261266407936,13.4375
2017-10-03,"8",0,13.125
2017-10-03,"9",0,13.125
2017-10-17,"0.1",292.742923058586,259.6875
2017-10-17,"1",292.439738480238,260.625
2017-10-17,"10",0,8.75
2017-10-17,"11",NA,8.4375
2017-10-17,"2",290.10859749271,260.3125
2017-10-17,"3",281.80334233846,259.6875
2017-10-17,"4",282.627523603615,255
2017-10-17,"5",266.765460321696,225.625
2017-10-17,"6",246.176766884631,34.6875
2017-10-17,"7",173.165967384935,12.5
2017-10-17,"8",33.6541477212722,10.3125
2017-10-17,"9",0,9.375
2017-11-07,"0.1",324.54742881665,241.5625
2017-11-07,"1",323.929411697264,237.8125
2017-11-07,"2",302.311731773545,237.1875
2017-11-07,"3",301.736793297369,226.875
2017-11-07,"4",305.488797762164,206.5625
2017-11-07,"5",308.376530379403,202.5
2017-11-07,"6",319.278177644641,194.0625
2017-11-07,"7",328.893097271884,174.0625
2017-11-07,"8",328.893097271884,155
2017-11-07,"9",328.893097271884,132.1875
2018-05-04,"0.1",315.136841014145,279.615625
2018-05-04,"1",314.845249205008,255.253125
2018-05-04,"10",15.6563719688196,36.896875
2018-05-04,"11",NA,30.48125
2018-05-04,"2",302.957460438985,314.209375
2018-05-04,"3",303.130670495678,301.60625
2018-05-04,"4",302.972360853017,272.59375
2018-05-04,"5",301.298322281979,261.753125
2018-05-04,"6",297.408992056687,239.2125
2018-05-04,"7",286.521439312589,196.825
2018-05-04,"8",234.820019276427,113.875
2018-05-04,"9",93.9253834360356,79.746875
2018-05-11,"0.1",300.497840387265,258.521875
2018-05-11,"1",301.862048728225,264.046875
2018-05-11,"10",6.76918489038761e-05,22.3
2018-05-11,"11",NA,3.165625
2018-05-11,"2",291.196903914844,323.30625
2018-05-11,"3",304.752231147866,310.321875
2018-05-11,"4",300.891923637987,270.290625
2018-05-11,"5",296.755064400559,213.328125
2018-05-11,"6",290.055900977742,160.66875
2018-05-11,"7",276.754496662544,141.39375
2018-05-11,"8",191.573634571227,48.46875
2018-05-11,"9",1.23589988913787,10.01875
2018-05-17,"0.1",276.031579020758,243.8125
2018-05-17,"1",275.221757731123,279.2875
2018-05-17,"10",6.06885821060792e-07,3.478125
2018-05-17,"11",NA,3.334375
2018-05-17,"2",265.227039811136,316.6375
2018-05-17,"3",265.227039811136,299.296875
2018-05-17,"4",300.217033771791,224.978125
2018-05-17,"5",302.062894348088,167.20625
2018-05-17,"6",288.421625130271,139.503125
2018-05-17,"7",271.979821257367,114.715625
2018-05-17,"8",186.949926140215,11.471875
2018-05-17,"9",2.79292993630822,3.915625
2018-05-24,"0.1",260.232157262241,187.2625
2018-05-24,"1",259.586424200168,301.778125
2018-05-24,"10",47.7931008271161,2.965625
2018-05-24,"11",0,2.515625
2018-05-24,"2",256.973440207459,263.278125
2018-05-24,"3",256.916591305543,291.675
2018-05-24,"4",257.200528932618,249.3625
2018-05-24,"5",262.906440748133,177.078125
2018-05-24,"6",265.305668121803,122.525
2018-05-24,"7",256.067444543016,72.965625
2018-05-24,"8",213.256306186843,3.86875
2018-05-24,"9",101.139868104627,3.321875
2018-05-31,"0.1",248.899709008277,187.66875
2018-05-31,"1",248.22213221238,263.34375
2018-05-31,"10",0,3.203125
2018-05-31,"11",0,2.95625
2018-05-31,"2",252.524773218322,335.625
2018-05-31,"3",250.953750739618,272.55
2018-05-31,"4",247.287187212682,249.346875
2018-05-31,"5",249.825114729489,156.875
2018-05-31,"6",256.178590844671,86.03125
2018-05-31,"7",241.701901976726,54.984375
2018-05-31,"8",195.037691273567,3.5375
2018-05-31,"9",37.216209065701,3.684375
2018-06-07,"0.1",251.570813321523,266.83125
2018-06-07,"1",250.779091451085,265.5625
2018-06-07,"10",0,2.828125
2018-06-07,"11",0,2.71875
2018-06-07,"2",250.753866694997,285.459375
2018-06-07,"3",248.671942144244,279.259375
2018-06-07,"4",237.844171994138,187.846875
2018-06-07,"5",246.871323440101,132.58125
2018-06-07,"6",252.261118563997,52.01875
2018-06-07,"7",231.524654335016,10.2125
2018-06-07,"8",164.786906217414,3.840625
2018-06-07,"9",2.50061178900663,3.39375
2018-06-14,"0.1",243.029222317543,275.478125
2018-06-14,"1",242.083072886361,276.253125
2018-06-14,"10",0,2.403125
2018-06-14,"11",0,2.353125
2018-06-14,"2",247.620827033656,272.0625
2018-06-14,"3",264.917102643028,266.49375
2018-06-14,"4",264.75219987487,169.353125
2018-06-14,"5",261.590615425118,102.728125
2018-06-14,"6",239.837821916478,16.040625
2018-06-14,"7",216.586456100917,3.5625
2018-06-14,"8",156.303843061502,2.6625
2018-06-14,"9",22.4341247992099,2.48125
2018-06-21,"0.1",247.660460662237,254.265625
2018-06-21,"1",248.761229228324,251.45
2018-06-21,"10",0.0008077228397957,2.60625
2018-06-21,"11",0.000243132269949352,2.609375
2018-06-21,"2",250.923934997161,347.20625
2018-06-21,"3",255.594606269991,236.159375
2018-06-21,"4",258.087114437112,83.078125
2018-06-21,"5",259.949927283545,13.6
2018-06-21,"6",238.769389406337,30.36875
2018-06-21,"7",206.146392774392,3.03125
2018-06-21,"8",115.926440557874,2.778125
2018-06-21,"9",0.330260106395566,2.603125
2018-06-28,"0.1",246.715714376247,287.50625
2018-06-28,"1",246.271471935717,288.6625
2018-06-28,"10",0.00166706341674413,2.709375
2018-06-28,"11",0.000427907286142934,2.59375
2018-06-28,"2",248.163548701012,287.49375
2018-06-28,"3",253.479703500886,129.49375
2018-06-28,"4",252.048253369246,31.340625
2018-06-28,"5",256.293479092798,4.475
2018-06-28,"6",224.258202415092,3
2018-06-28,"7",201.619990654834,3.009375
2018-06-28,"8",113.177741800031,2.871875
2018-06-28,"9",0.000433436968825047,2.725
2018-07-05,"0.1",252.903807584826,255.859375
2018-07-05,"1",252.710829897794,448.971875
2018-07-05,"10",0.00289041488409672,2.8625
2018-07-05,"11",NA,2.784375
2018-07-05,"2",244.902162784085,329.915625
2018-07-05,"3",243.466901191144,153.9125
2018-07-05,"4",246.78689322048,8.665625
2018-07-05,"5",259.616587676058,6.146875
2018-07-05,"6",228.10491673408,4.55
2018-07-05,"7",201.026436906601,3.778125
2018-07-05,"8",87.4274225631706,3.490625
2018-07-05,"9",0,2.8
2018-07-12,"0.1",250.210238019046,292.253125
2018-07-12,"1",250.178791654621,327.25
2018-07-12,"10",0.00474064059144615,2.765625
2018-07-12,"11",NA,2.50625
2018-07-12,"2",252.063181349941,356.10625
2018-07-12,"3",259.04359863855,78.659375
2018-07-12,"4",263.397372860887,6.2375
2018-07-12,"5",262.441100670794,3.934375
2018-07-12,"6",231.973061193729,3.528125
2018-07-12,"7",199.025981854622,3.3875
2018-07-12,"8",80.3274860200097,3.21875
2018-07-12,"9",0.00496598578089089,2.65
2018-07-19,"0.1",251.43008781898,234.99375
2018-07-19,"1",251.192352880592,313.01875
2018-07-19,"10",5.69774350923701e-05,2.121875
2018-07-19,"11",NA,2.121875
2018-07-19,"2",251.947516441939,241.403125
2018-07-19,"3",257.516764270899,28.340625
2018-07-19,"4",264.034883066014,5.196875
2018-07-19,"5",274.482051121073,2.534375
2018-07-19,"6",234.8478386591,2.271875
2018-07-19,"7",197.080244052539,2.159375
2018-07-19,"8",48.9990194858268,2.21875
2018-07-19,"9",0,1.94375
2018-07-26,"0.1",270.565567990714,276.665625
2018-07-26,"1",270.34607884952,277.640625
2018-07-26,"10",0,2.959375
2018-07-26,"11",NA,2.959375
2018-07-26,"2",267.07728659037,276.915625
2018-07-26,"3",268.982624662162,271.403125
2018-07-26,"4",268.982624662162,8.15
2018-07-26,"5",257.987895739972,4.98125
2018-07-26,"6",221.401126340823,3.61875
2018-07-26,"7",190.497196784459,3.165625
2018-07-26,"8",121.884569644752,2.959375
2018-07-26,"9",26.8606355110527,2.959375
2018-08-02,"0.1",275.377500660695,246.1
2018-08-02,"1",274.067368174192,250.0875
2018-08-02,"10",0,2.3625
2018-08-02,"11",NA,2.590625
2018-08-02,"2",264.887373546943,154.721875
2018-08-02,"3",266.004764546424,5.425
2018-08-02,"4",266.004764546424,4.221875
2018-08-02,"5",254.562351069869,3.678125
2018-08-02,"6",211.478992086961,3.315625
2018-08-02,"7",177.448559479913,2.971875
2018-08-02,"8",89.7396489470275,2.740625
2018-08-02,"9",8.5668533743789,2.759375
2018-08-09,"0.1",267.253413621739,213.8875
2018-08-09,"1",267.897718074267,263.896875
2018-08-09,"10",0,2.5375
2018-08-09,"11",NA,2.5375
2018-08-09,"2",259.502088255211,260.2125
2018-08-09,"3",261.142481137019,0
2018-08-09,"4",262.178814166021,7.865625
2018-08-09,"5",255.964922168097,4.20625
2018-08-09,"6",210.691157950439,3.54375
2018-08-09,"7",170.944506448866,2.975
2018-08-09,"8",88.141939553579,3.265625
2018-08-09,"9",13.0638545590731,2.5375
2018-08-16,"0.1",268.751668374296,303.590625
2018-08-16,"1",268.579617207391,302.803125
2018-08-16,"10",0,2.1375
2018-08-16,"11",NA,2.234375
2018-08-16,"2",264.243731053149,290.959375
2018-08-16,"3",266.282954447495,5.328125
2018-08-16,"4",269.27556217568,80.578125
2018-08-16,"5",261.553737487226,3.634375
2018-08-16,"6",209.024387680069,2.790625
2018-08-16,"7",167.736772204038,2.734375
2018-08-16,"8",49.777704902396,2.33125
2018-08-16,"9",0,2.340625
2018-08-24,"0.1",270.424565430394,259.53125
2018-08-24,"1",269.979609106329,257.565625
2018-08-24,"10",0,2.36875
2018-08-24,"11",NA,2.121875
2018-08-24,"2",264.666746911424,231.415625
2018-08-24,"3",273.904489087183,123.75625
2018-08-24,"4",273.904489087183,156.928125
2018-08-24,"5",243.078437078099,3.715625
2018-08-24,"6",197.843625042186,2.8
2018-08-24,"7",166.449191301924,2.5
2018-08-24,"8",80.8064006784765,2.553125
2018-08-24,"9",5.96933695993577,2.0875
2018-09-07,"0.1",279.496863736896,250.521875
2018-09-07,"1",279.553599221369,246.990625
2018-09-07,"10",0,2.371875
2018-09-07,"11",NA,2.371875
2018-09-07,"2",264.353083944009,239.271875
2018-09-07,"3",268.543587530989,108.915625
2018-09-07,"4",282.776961996456,86.509375
2018-09-07,"5",244.765552529643,4.890625
2018-09-07,"6",198.631693805723,3.646875
2018-09-07,"7",141.07039372915,3.16875
2018-09-07,"8",8.1806262339647,2.91875
2018-09-07,"9",0,2.628125
2018-09-21,"0.1",273.539052410133,263.8125
2018-09-21,"1",270.990831011271,261.996875
2018-09-21,"10",0,2.28125
2018-09-21,"11",NA,2.1625
2018-09-21,"2",266.134588931055,244.628125
2018-09-21,"3",266.162313554741,192.321875
2018-09-21,"4",265.046821946419,29.240625
2018-09-21,"5",259.261514743485,4.025
2018-09-21,"6",230.719261766191,3.48125
2018-09-21,"7",191.560013451477,2.7625
2018-09-21,"8",108.019380508918,2.6
2018-09-21,"9",18.123469309518,2.43125
2018-10-05,"0.1",283.022229247963,267.96875
2018-10-05,"1",283.889637062236,278.909375
2018-10-05,"10",0,2.421875
2018-10-05,"11",0,2.4
2018-10-05,"2",271.580003989293,270.6625
2018-10-05,"3",270.745782140293,251.775
2018-10-05,"4",271.49726954206,29.228125
2018-10-05,"5",268.486336452582,4.171875
2018-10-05,"6",249.500672924316,3.2875
2018-10-05,"7",221.161153306001,3.05
2018-10-05,"8",123.586859263638,2.95
2018-10-05,"9",5.95298339298338,2.784375
2018-10-19,"0.1",292.832055997903,220.575
2018-10-19,"1",292.385230950569,227.8
2018-10-19,"10",0,3.609375
2018-10-19,"11",0,3.609375
2018-10-19,"2",291.905568145911,224.6375
2018-10-19,"3",289.219929155196,222.18125
2018-10-19,"4",282.279310957102,218.825
2018-10-19,"5",264.577836895824,217.953125
2018-10-19,"6",286.695442647236,185.509375
2018-10-19,"7",286.695442647236,8.5125
2018-10-19,"8",286.695442647236,5.334375
2018-10-19,"9",24.6495577634881,4
2018-10-29,"0.1",306.764252386421,320.625
2018-10-29,"1",306.501980741005,318.75
2018-10-29,"10",319.17713782027,312.8125
2018-10-29,"11",319.17713782027,313.125
2018-10-29,"2",306.500230623813,318.75
2018-10-29,"3",314.971710541727,317.8125
2018-10-29,"4",317.648718855022,317.8125
2018-10-29,"5",301.175279163189,315.9375
2018-10-29,"6",319.17713782027,314.6875
2018-10-29,"7",319.17713782027,314.6875
2018-10-29,"8",319.17713782027,314.375
2018-10-29,"9",319.17713782027,313.75
2018-11-02,"0.1",323.111767581947,269.796875
2018-11-02,"1",322.640112498881,251.8125
2018-11-02,"10",264.870108872587,0
2018-11-02,"11",263.229567379664,6.09375
2018-11-02,"2",319.814287205859,248.384375
2018-11-02,"3",310.514943939945,226.96875
2018-11-02,"4",312.745920076304,222.375
2018-11-02,"5",312.672097039162,211.809375
2018-11-02,"6",314.762732793846,205.1375
2018-11-02,"7",317.711788111292,187.428125
2018-11-02,"8",317.508592717909,171.725
2018-11-02,"9",265.287280625036,145.95625
2018-11-16,"0.1",334.438948070682,296.75625
2018-11-16,"1",333.516731049545,297.1625
2018-11-16,"10",338.926329819864,295.49375
2018-11-16,"11",337.492503891892,118.565625
2018-11-16,"2",334.964286371594,296.5625
2018-11-16,"3",344.974240479611,296.115625
2018-11-16,"4",347.269943533937,295.05
2018-11-16,"5",347.269943533937,296.265625
2018-11-16,"6",345.615288112872,296.278125
2018-11-16,"7",339.855377497943,295.29375
2018-11-16,"8",339.84935544694,295.2375
2018-11-16,"9",339.610474855023,295.4
2018-12-06,"0.1",368.322555780548,303.41875
2018-12-06,"1",365.222101300623,358.25625
2018-12-06,"10",364.095341961198,357.903125
2018-12-06,"11",362.99178225227,357.1375
2018-12-06,"2",365.217261131463,357.384375
2018-12-06,"3",365.210222687366,358.384375
2018-12-06,"4",365.213528081867,356.375
2018-12-06,"5",365.212736398597,356.96875
2018-12-06,"6",365.202396847864,357.828125
2018-12-06,"7",365.201065874601,357.8625
2018-12-06,"8",364.87864764523,357.13125
2018-12-06,"9",364.333363319537,356.68125
2019-04-08,"0.1",331.172526378904,366.25
2019-04-08,"1",333.093409930874,370.9375
2019-04-08,"10",215.406660569062,302.1875
2019-04-08,"11",213.990843220181,287.8125
2019-04-08,"2",329.449456081373,373.125
2019-04-08,"3",316.480610822316,376.25
2019-04-08,"4",312.072644464329,388.125
2019-04-08,"5",303.42473517917,381.875
2019-04-08,"6",307.560712886001,373.75
2019-04-08,"7",313.044057437618,364.375
2019-04-08,"8",312.979691389828,329.0625
2019-04-08,"9",217.214206407348,307.5
2019-04-29,"0.1",296.971770189774,330
2019-04-29,"1",301.013209342167,336.25
2019-04-29,"10",0.370504041189495,121.25
2019-04-29,"11",3.00033227275285e-05,116.5625
2019-04-29,"2",297.918719740476,338.125
2019-04-29,"3",294.661636974241,339.6875
2019-04-29,"4",294.934034864019,344.375
2019-04-29,"5",293.258655969885,346.875
2019-04-29,"6",285.943430638235,357.8125
2019-04-29,"7",272.464757028097,321.875
2019-04-29,"8",235.652555549472,212.5
2019-04-29,"9",74.8401967585257,141.5625
2019-05-16,"0.1",284.279890113706,286.875
2019-05-16,"1",284.12115858868,285
2019-05-16,"10",0,20.3125
2019-05-16,"11",0,18.75
2019-05-16,"2",284.039482340238,285.3125
2019-05-16,"3",289.811725834791,286.5625
2019-05-16,"4",289.96227566433,285.9375
2019-05-16,"5",302.204834584739,347.1875
2019-05-16,"6",295.955302470471,360.3125
2019-05-16,"7",267.87612544751,367.5
2019-05-16,"8",208.460380144717,305
2019-05-16,"9",34.6623854500836,30.9375
2019-05-23,"0.1",282.891192038676,316.25
2019-05-23,"1",283.378079419855,319.6875
2019-05-23,"10",0,22.8125
2019-05-23,"11",0,20.9375
2019-05-23,"2",284.511878206167,318.125
2019-05-23,"3",284.025625503055,341.25
2019-05-23,"4",288.090843267576,325.3125
2019-05-23,"5",296.233448667942,345.9375
2019-05-23,"8",199.721617106002,56.25
2019-05-23,"9",8.22814737193305,27.1875
2019-05-30,"0.1",268.022630348133,261.875
2019-05-30,"1",268.629173289514,262.1875
2019-05-30,"10",0,20.3125
2019-05-30,"11",0,18.4375
2019-05-30,"2",261.05887762361,259.375
2019-05-30,"3",267.629088109755,292.1875
2019-05-30,"4",285.272818351257,291.5625
2019-05-30,"5",295.471564898058,318.75
2019-05-30,"6",291.952942023399,357.8125
2019-05-30,"7",262.828100857506,337.1875
2019-05-30,"8",195.12609793562,27.5
2019-05-30,"9",17.8334841366579,22.5
2019-06-06,"0.1",276.934541448846,289.0625
2019-06-06,"1",276.904714325648,291.5625
2019-06-06,"10",0.00161913728975483,20.625
2019-06-06,"11",0,19.0625
2019-06-06,"2",273.364588125027,290.625
2019-06-06,"3",276.387438844966,291.875
2019-06-06,"4",277.943283848606,290.9375
2019-06-06,"5",285.350294879341,324.375
2019-06-06,"6",284.283009783086,386.25
2019-06-06,"7",256.545237682957,376.5625
2019-06-06,"8",190.487725468858,28.125
2019-06-06,"9",24.5488683144987,22.5
2019-06-13,"0.1",275.078307653968,240.375
2019-06-13,"1",274.847834223672,242.49375
2019-06-13,"10",16.3448770622932,3.35
2019-06-13,"11",0,3.00625
2019-06-13,"2",270.737684235437,241.428125
2019-06-13,"3",271.011881970967,243.55
2019-06-13,"4",271.060810655152,248.115625
2019-06-13,"5",270.505403355337,310.3875
2019-06-13,"6",262.051541149156,271.8625
2019-06-13,"7",230.804550515319,1.99375
2019-06-13,"8",189.732546926256,4.621875
2019-06-13,"9",95.5940617840351,3.740625
2019-06-20,"0.1",274.586619648455,243.596875
2019-06-20,"1",273.37255980262,242.65625
2019-06-20,"10",0.00105268661868931,3.7875
2019-06-20,"11",0.000470385507098531,3.228125
2019-06-20,"2",262.937223994351,243.665625
2019-06-20,"3",265.201107771694,238.521875
2019-06-20,"4",269.595974422462,227.090625
2019-06-20,"5",273.560259126086,295.515625
2019-06-20,"6",255.238067545783,259.053125
2019-06-20,"7",224.528541718031,123.875
2019-06-20,"8",164.584304067092,7.5
2019-06-20,"9",37.5338785934604,4.434375
2019-06-27,"0.1",266.345382391497,258.471875
2019-06-27,"1",266.530570677168,258.76875
2019-06-27,"10",0,2.453125
2019-06-27,"11",0,2.33125
2019-06-27,"2",265.519017573065,266.821875
2019-06-27,"3",265.189186303573,262.865625
2019-06-27,"4",272.235723819539,249.640625
2019-06-27,"5",279.271190943713,294.878125
2019-06-27,"6",254.495246970524,308.5125
2019-06-27,"7",224.053404206897,6.334375
2019-06-27,"8",160.862729540524,3.4875
2019-06-27,"9",16.8658272062906,2.834375
2019-07-03,"0.1",256.647504479539,216.51875
2019-07-03,"1",263.006298081994,184.46875
2019-07-03,"10",0,2.653125
2019-07-03,"11",0,2.53125
2019-07-03,"2",265.34332452334,194.640625
2019-07-03,"3",265.825557787389,224.065625
2019-07-03,"4",265.825557787389,224.85
2019-07-03,"5",282.594411115949,253.4875
2019-07-03,"6",260.365454320987,245.2875
2019-07-03,"7",225.845491632219,2.95
2019-07-03,"8",164.062803528023,4.196875
2019-07-03,"9",6.8317141024592,2.98125
2019-07-10,"1",262.182089295965,240.215625
2019-07-10,"10",0,3.290625
2019-07-10,"11",0,2.671875
2019-07-10,"2",257.243609415684,232.45625
2019-07-10,"3",263.792309170943,223.903125
2019-07-10,"4",264.453200242706,195.30625
2019-07-10,"5",273.653366358918,229.971875
2019-07-10,"6",243.921225913256,161.8375
2019-07-10,"7",214.440838553776,5.803125
2019-07-10,"8",162.178337303408,3.73125
2019-07-10,"9",31.0536080892507,2.4125
2019-07-11,"0.1",263.79450933513,201.659375
2019-07-11,"1",263.241929276267,232.66875
2019-07-11,"10",0,2.484375
2019-07-11,"11",0,1.9875
2019-07-11,"2",259.614610193091,182.55
2019-07-11,"3",262.791975425656,217.09375
2019-07-11,"4",263.110369244959,189.4125
2019-07-11,"5",270.858372134934,220.428125
2019-07-11,"6",241.709978274832,138.371875
2019-07-11,"7",212.734844009583,2.796875
2019-07-11,"8",161.860014900338,3.921875
2019-07-11,"9",36.4863106588112,3.3
2019-07-24,"0.1",256.387049693119,219.165625
2019-07-24,"1",256.131506582359,227.56875
2019-07-24,"10",0,2.259375
2019-07-24,"11",0,2.253125
2019-07-24,"2",256.973199642686,225.15
2019-07-24,"3",269.092719290156,219.5875
2019-07-24,"4",269.092719290156,219.13125
2019-07-24,"5",269.092719290156,87.39375
2019-07-24,"6",232.211149473223,5.371875
2019-07-24,"7",204.732947488432,3.29375
2019-07-24,"8",144.012426279614,2.6875
2019-07-24,"9",11.9562653288489,3.03125
2019-07-25,"0.1",262.145082313866,222.753125
2019-07-25,"1",262.034274199666,228.81875
2019-07-25,"10",0.201498322784528,2.396875
2019-07-25,"11",0,3.0625
2019-07-25,"2",265.319788345897,219.846875
2019-07-25,"3",271.777339805375,212.603125
2019-07-25,"4",271.777339805375,229.98125
2019-07-25,"5",263.254307464675,88.21875
2019-07-25,"6",230.964423118856,5.46875
2019-07-25,"7",201.532604495222,4.578125
2019-07-25,"8",152.153508525403,2.93125
2019-07-25,"9",36.7046557652689,3.4
2019-08-01,"0.1",264.035830376992,167.978125
2019-08-01,"1",265.093569021311,226.534375
2019-08-01,"10",0,2.11875
2019-08-01,"11",0,2.05625
2019-08-01,"2",265.609405547789,223.828125
2019-08-01,"3",269.099994111575,196.025
2019-08-01,"4",269.099994111575,129.390625
2019-08-01,"5",270.201730428436,37.165625
2019-08-01,"6",232.105713617131,3.025
2019-08-01,"7",198.684610756089,2.878125
2019-08-01,"8",137.394403967547,2.4875
2019-08-01,"9",21.3409150042354,2.36875
2019-08-08,"0.1",266.685551577907,206.471875
2019-08-08,"10",7.82651992336531,2.23125
2019-08-08,"11",0,2.146875
2019-08-08,"2",258.524119257993,231.2875
2019-08-08,"3",258.524119257993,215.925
2019-08-08,"4",261.977169772451,11.846875
2019-08-08,"5",260.727807174828,2.971875
2019-08-08,"6",230.576031681128,2.590625
2019-08-08,"7",194.06616978108,2.365625
2019-08-08,"8",151.892231262351,2.240625
2019-08-08,"9",60.4900045746524,2.128125
2019-08-14,"0.1",262.439581993926,231.746875
2019-08-14,"1",262.280280785869,233.740625
2019-08-14,"10",0,1.79375
2019-08-14,"11",0,2.021875
2019-08-14,"2",257.816469293959,234.696875
2019-08-14,"3",259.251847796068,230.88125
2019-08-14,"4",261.058572646009,15.096875
2019-08-14,"5",262.990842607183,3.54375
2019-08-14,"6",224.985630463052,2.6125
2019-08-14,"7",193.190495832616,2.465625
2019-08-14,"8",135.303766128881,2.18125
2019-08-14,"9",18.4367347331334,2.075
2019-08-22,"0.1",261.451528866957,232.740625
2019-08-22,"1",262.912814000393,222.221875
2019-08-22,"10",0,3.546875
2019-08-22,"11",0,3.021875
2019-08-22,"2",252.860586712969,212.196875
2019-08-22,"3",255.328174133058,193.91875
2019-08-22,"4",257.891538780094,185.003125
2019-08-22,"5",262.587483860846,0
2019-08-22,"6",222.467819365318,4.825
2019-08-22,"7",190.982227736198,6.778125
2019-08-22,"8",132.703749661672,5.990625
2019-08-22,"9",15.3770292351264,4.415625
2019-09-04,"0.1",280.674405061037,180.546875
2019-09-04,"1",280.864898802328,188.2
2019-09-04,"10",0,1.9625
2019-09-04,"11",0,1.98125
2019-09-04,"2",279.145650677696,179.625
2019-09-04,"3",273.87326273839,214.625
2019-09-04,"4",276.840146690998,186.30625
2019-09-04,"5",274.48947513814,247.359375
2019-09-04,"6",224.138036099328,6.51875
2019-09-04,"7",187.463438047035,3.134375
2019-09-04,"8",109.066589975353,2.446875
2019-09-04,"9",6.84321482555786,2.234375
2019-09-20,"0.1",287.127729554024,167.99375
2019-09-20,"1",287.689377343922,124.734375
2019-09-20,"10",0,1.96875
2019-09-20,"11",NA,1.846875
2019-09-20,"2",268.449629431137,132.209375
2019-09-20,"3",266.896567425799,145.603125
2019-09-20,"4",268.292723701529,129.275
2019-09-20,"5",268.680131112591,4.2625
2019-09-20,"6",200.34848961707,3.44375
2019-09-20,"7",169.14280775035,2.659375
2019-09-20,"8",76.0815697071447,2.353125
2019-09-20,"9",0,1.946875
2019-10-04,"0.1",277.930402145655,176.85
2019-10-04,"1",280.550788767005,184.8125
2019-10-04,"10",0,1.28125
2019-10-04,"11",NA,1.2375
2019-10-04,"2",282.796343090067,181.478125
2019-10-04,"3",263.872953568073,76.146875
2019-10-04,"4",269.049925874831,4.6625
2019-10-04,"5",250.94463152187,1.603125
2019-10-04,"6",172.226628758999,1.59375
2019-10-04,"7",147.340962826128,1.715625
2019-10-04,"8",18.7787222632568,1.278125
2019-10-04,"9",0,1.3625
2019-10-07,"10",0,1.36875
2019-10-07,"11",NA,1.36875
2019-10-07,"3",261.276681599387,146.85625
2019-10-07,"4",282.066360169949,110.86875
2019-10-07,"5",250.564186998743,2.253125
2019-10-07,"6",164.80183959141,1.703125
2019-10-07,"7",143.241759999235,1.528125
2019-10-07,"8",11.2572785728596,1.3875
2019-10-07,"9",0,1.36875
2019-10-18,"0.1",303.496270449946,119.609375
2019-10-18,"1",303.186675243536,157.190625
2019-10-18,"10",325.679088582905,2.95
2019-10-18,"11",NA,2.95
2019-10-18,"2",273.265118199875,156.6125
2019-10-18,"3",283.409464979995,156.80625
2019-10-18,"4",302.952489882392,157.5125
2019-10-18,"5",325.679088582905,156.8625
2019-10-18,"6",325.679088582905,157.10625
2019-10-18,"7",325.679088582905,156.278125
2019-10-18,"8",325.679088582905,4.16875
2019-10-18,"9",325.679088582905,3.528125
2019-10-28,"0.1",319.205416777909,165.271875
2019-10-28,"10",264.675459299648,1.734375
2019-10-28,"11",NA,1.734375
2019-10-28,"2",300.383672365771,161.68125
2019-10-28,"3",300.383672365771,152.50625
2019-10-28,"4",313.116694936785,149.984375
2019-10-28,"5",316.281037512799,135.3875
2019-10-28,"6",316.196667849337,122.903125
2019-10-28,"7",316.190844985917,88.078125
2019-10-28,"8",296.320168072802,3.071875
2019-10-28,"9",265.488021580954,2.028125
2019-11-15,"0.1",347.073058885816,211.10625
2019-11-15,"1",341.307242682725,211.41875
2019-11-15,"10",289.615043836496,206.959375
2019-11-15,"11",NA,206.959375
2019-11-15,"2",341.298841829423,210.446875
2019-11-15,"3",341.289773945751,210.49375
2019-11-15,"4",341.298428743134,210.346875
2019-11-15,"5",341.29290847126,208.471875
2019-11-15,"6",341.281777953049,208.6625
2019-11-15,"7",341.271969363015,208.784375
2019-11-15,"8",333.733065344173,209.265625
2019-11-15,"9",290.762763583696,208.79375
2019-12-06,"0.1",381.874077425938,255.609375
2019-12-06,"1",380.029566538836,254.865625
2019-12-06,"10",378.014809493517,253.85
2019-12-06,"11",NA,253.85
2019-12-06,"2",380.024651189452,255.221875
2019-12-06,"3",380.017686419763,254.95625
2019-12-06,"4",380.023572116384,255.1125
2019-12-06,"5",380.019957804136,255.71875
2019-12-06,"6",380.008938471114,254.175
2019-12-06,"7",380.001896147503,253.903125
2019-12-06,"8",379.375059863389,254.821875
2019-12-06,"9",379.038587185812,253.70625
2020-03-16,"0.1",365.873362581074,387.1875
2020-03-16,"1",365.877337593045,382.8125
2020-03-16,"10",344.040824798256,350
2020-03-16,"2",373.44462012703,380
2020-03-16,"3",376.214213147244,383.4375
2020-03-16,"4",375.955705046086,382.5
2020-03-16,"5",327.300455836181,380.9375
2020-03-16,"6",344.040824798256,376.5625
2020-03-16,"7",344.040824798256,368.75
2020-03-16,"8",344.040824798256,359.375
2020-03-16,"9",344.040824798256,355
2020-05-14,"0.1",312.168669376444,275.3125
2020-05-14,"1",312.043046506533,277.1875
2020-05-14,"10",0,19.375
2020-05-14,"11",0,18.75
2020-05-14,"2",312.001378510906,277.1875
2020-05-14,"3",300.495571100236,276.875
2020-05-14,"4",289.079781700667,263.75
2020-05-14,"5",279.968055750511,256.25
2020-05-14,"6",292.023578463144,250.625
2020-05-14,"7",283.236400940066,243.75
2020-05-14,"8",286.467522423355,200
2020-05-14,"9",90.472074898302,18.75
2020-06-04,"0.1",290.546480030145,316.25
2020-06-04,"1",291.26918531927,315.3125
2020-06-04,"10",117.082953864075,18.4375
2020-06-04,"11",30.2051163694505,17.8125
2020-06-04,"2",297.122325504226,325.625
2020-06-04,"3",297.747407625453,394.375
2020-06-04,"4",298.785602027694,394.6875
2020-06-04,"5",300.079586903221,354.0625
2020-06-04,"6",297.332422916844,287.1875
2020-06-04,"7",288.291371333374,221.875
2020-06-04,"8",274.784735262241,119.375
2020-06-04,"9",223.430636277903,18.75
2020-06-18,"0.1",278.06150733718,166.559375
2020-06-18,"1",277.763970919125,178.7375
2020-06-18,"10",239.101462554834,1.49375
2020-06-18,"11",128.843549012917,1.31875
2020-06-18,"2",285.20024301564,175.76875
2020-06-18,"3",287.507253932266,197.753125
2020-06-18,"4",292.72007309756,174.621875
2020-06-18,"5",292.72007309756,172.7125
2020-06-18,"6",292.72007309756,92.15
2020-06-18,"7",292.72007309756,45.471875
2020-06-18,"8",292.151053271065,2.490625
2020-06-18,"9",292.151053271065,1.528125
2020-06-25,"0.1",282.273038979681,178.290625
2020-06-25,"1",282.411910742717,177.4375
2020-06-25,"10",183.983315816005,1.53125
2020-06-25,"11",96.5674321009877,1.290625
2020-06-25,"2",285.923519783069,214.103125
2020-06-25,"3",286.936788757332,190.1875
2020-06-25,"4",287.352049216339,152.4875
2020-06-25,"5",289.044656287715,125.8875
2020-06-25,"6",288.527131717467,93.30625
2020-06-25,"7",280.286880795936,13.765625
2020-06-25,"8",271.549076651548,2.24375
2020-06-25,"9",242.182785018086,1.5625
2020-07-02,"0.1",265.983221785044,182.465625
2020-07-02,"1",266.347574899993,174.165625
2020-07-02,"10",66.6212188255938,1.340625
2020-07-02,"11",0,1.20625
2020-07-02,"2",269.338494155713,232.159375
2020-07-02,"3",277.711884463066,214.571875
2020-07-02,"4",278.77080813955,121.303125
2020-07-02,"5",280.729899858974,79.853125
2020-07-02,"6",277.88220723082,44.85625
2020-07-02,"7",266.392498267488,1.896875
2020-07-02,"8",253.108440808087,1.340625
2020-07-02,"9",190.214700615718,1.303125
2020-07-09,"0.1",243.301553589366,166.090625
2020-07-09,"1",243.348847729049,162.640625
2020-07-09,"10",2.33372565851562,1.203125
2020-07-09,"11",1.78095745075321e-06,1.18125
2020-07-09,"2",244.025837662942,232.25625
2020-07-09,"3",269.780905021432,234.20625
2020-07-09,"4",271.599339835503,89.790625
2020-07-09,"5",273.695431009856,41.315625
2020-07-09,"6",271.885572288535,1.6875
2020-07-09,"7",253.690221100703,1.403125
2020-07-09,"8",238.297231779419,1.18125
2020-07-09,"9",113.570536250235,1.25625
2020-07-17,"0.1",236.139442176459,166.571875
2020-07-17,"1",236.000310050081,109.48125
2020-07-17,"10",0,1.69375
2020-07-17,"11",0,1.53125
2020-07-17,"2",251.500728356143,129.45
2020-07-17,"3",266.122666065069,126.646875
2020-07-17,"4",267.613518285892,143.7125
2020-07-17,"5",268.578332964028,138.340625
2020-07-17,"6",265.101689838908,166.884375
2020-07-17,"7",239.351566905339,106.946875
2020-07-17,"8",206.617281737742,3.3125
2020-07-17,"9",92.7579314710427,1.903125
2020-07-23,"0.1",235.158411766412,154.9
2020-07-23,"1",235.676806240698,155.075
2020-07-23,"10",2.83632672667629,1.296875
2020-07-23,"11",0,1.3875
2020-07-23,"2",256.716544451455,155.0625
2020-07-23,"3",265.162701431005,190.90625
2020-07-23,"4",269.751586577384,95.965625
2020-07-23,"5",268.780992334342,19.36875
2020-07-23,"6",259.904819966476,1.51875
2020-07-23,"7",226.728054072009,1.25
2020-07-23,"8",183.206637270941,1.165625
2020-07-23,"9",92.4498856624382,1.1625
2020-07-30,"0.1",254.217722095833,166.8375
2020-07-30,"1",254.077169418161,164.2
2020-07-30,"10",5.92507529551493,1.215625
2020-07-30,"11",0,1.2
2020-07-30,"2",262.936996501932,196.475
2020-07-30,"3",265.184363959677,179
2020-07-30,"4",268.557762770917,25.7125
2020-07-30,"5",266.412117654372,1.390625
2020-07-30,"6",246.421062407984,1.06875
2020-07-30,"7",207.172217244722,1.08125
2020-07-30,"8",162.664901263277,1.071875
2020-07-30,"9",94.1492401162226,1.21875
2020-08-06,"0.1",262.618208184059,112.596875
2020-08-06,"1",262.90373048871,158.140625
2020-08-06,"10",7.66071667315703,1.234375
2020-08-06,"11",0,1.39375
2020-08-06,"2",263.418011453742,155.5375
2020-08-06,"3",264.303145543182,105.4875
2020-08-06,"4",266.926696853802,1.815625
2020-08-06,"5",263.517752869296,1.265625
2020-08-06,"6",230.300589269153,1.396875
2020-08-06,"7",189.64372431336,1.25
2020-08-06,"8",149.911878800773,1.215625
2020-08-06,"9",89.1547701970315,1.175
2020-08-12,"0.1",265.144387318973,177.303125
2020-08-12,"1",265.023692609485,176.975
2020-08-12,"10",0,1.165625
2020-08-12,"11",0,1.159375
2020-08-12,"2",259.650939576405,180.215625
2020-08-12,"3",260.053795384519,110.203125
2020-08-12,"4",261.878459276899,1.23125
2020-08-12,"5",261.36466479443,1.096875
2020-08-12,"6",224.331504718505,1.1375
2020-08-12,"7",180.604008298074,1.175
2020-08-12,"8",135.491341449225,1.01875
2020-08-12,"9",56.0633243167543,1.303125
2020-08-20,"0.1",265.001988213938,169.6125
2020-08-20,"1",264.42866084363,167.503125
2020-08-20,"10",0,1.20625
2020-08-20,"11",0,1.2125
2020-08-20,"2",259.715529487175,167.69375
2020-08-20,"3",258.282685992958,44.01875
2020-08-20,"4",261.9305571211,1.303125
2020-08-20,"5",254.00969597131,1.096875
2020-08-20,"6",209.564318022485,1.15
2020-08-20,"7",170.609492526177,1.309375
2020-08-20,"8",130.679119723429,1.10625
2020-08-20,"9",66.5472085982782,1.05625
2020-08-26,"0.1",263.756566950593,164.9125
2020-08-26,"1",263.830285555096,165.721875
2020-08-26,"10",0,1.325
2020-08-26,"11",0,1.328125
2020-08-26,"2",250.89373884855,160.4125
2020-08-26,"3",253.708602844948,67.028125
2020-08-26,"4",256.771138285757,1.215625
2020-08-26,"5",248.297556581713,1.21875
2020-08-26,"6",198.125666435435,1.121875
2020-08-26,"7",163.613652181809,1.115625
2020-08-26,"8",115.356900319597,1.1625
2020-08-26,"9",24.4284657743349,1.065625
2020-09-03,"0.1",257.712317145963,181.9125
2020-09-03,"1",257.841715181944,182.728125
2020-09-03,"10",26.9581094294393,1.015625
2020-09-03,"11",0,1.240625
2020-09-03,"2",262.114227830155,188.93125
2020-09-03,"3",261.979640335211,112.684375
2020-09-03,"4",260.553625040898,1.85625
2020-09-03,"5",254.802706348611,1.4875
2020-09-03,"6",218.275394703912,1.275
2020-09-03,"7",166.209047597331,1.165625
2020-09-03,"8",125.518521627303,1.259375
2020-09-03,"9",86.3277529483072,1.15
2020-09-16,"0.1",269.300079119948,150.565625
2020-09-16,"1",269.145180878607,149.58125
2020-09-16,"10",0,1.465625
2020-09-16,"11",0,1.340625
2020-09-16,"2",267.564991270708,150.109375
2020-09-16,"3",265.971711922746,146.35
2020-09-16,"4",266.117074813356,0
2020-09-16,"5",258.852911879073,2.5625
2020-09-16,"6",217.13054146177,2.0125
2020-09-16,"7",159.69433303892,1.7375
2020-09-16,"8",98.9233499196349,1.553125
2020-09-16,"9",11.3438095607359,1.51875
2020-10-01,"0.1",288.001218424826,183.25
2020-10-01,"1",287.778631424255,123.296875
2020-10-01,"10",30.9737895304552,1.296875
2020-10-01,"11",0,1.334375
2020-10-01,"2",282.986256407377,136.984375
2020-10-01,"3",277.815981985901,154.25625
2020-10-01,"4",269.941977557728,160.053125
2020-10-01,"5",297.919948517523,47.028125
2020-10-01,"6",297.919948517523,1.671875
2020-10-01,"7",297.919948517523,1.55
2020-10-01,"8",297.919948517523,1.43125
2020-10-01,"9",145.08562717419,1.221875
2020-10-14,"0.1",300.088733270593,288.11875
2020-10-14,"1",305.192088829402,192.1875
2020-10-14,"10",51.921216974848,1.9375
2020-10-14,"11",24.1784130786422,1.8375
2020-10-14,"2",295.223938725878,182.653125
2020-10-14,"3",291.487237051731,204.7375
2020-10-14,"4",294.798901297423,183.7875
2020-10-14,"5",294.798901297423,197.059375
2020-10-14,"6",294.798901297423,139.590625
2020-10-14,"7",279.230912189509,2.98125
2020-10-14,"8",278.304054816422,1.871875
2020-10-14,"9",99.4820907613133,1.84375
2020-10-26,"0.1",313.675592891562,221.88125
2020-10-26,"1",313.806539387843,235.36875
2020-10-26,"10",106.899907281382,2.646875
2020-10-26,"11",105.482805704758,1.684375
2020-10-26,"2",300.50348845705,261.215625
2020-10-26,"3",263.812136940864,188.125
2020-10-26,"4",298.679674185817,178.496875
2020-10-26,"5",304.586369638982,140.834375
2020-10-26,"6",305.109826948908,4.76875
2020-10-26,"7",305.022546389617,2.484375
2020-10-26,"8",305.022546389617,2.484375
2020-10-26,"9",113.63324777636,2.4125
2020-11-10,"0.1",333.015780282137,281.6875
2020-11-10,"1",333.138438527378,241.253125
2020-11-10,"10",236.101978522701,113.734375
2020-11-10,"11",234.358534000544,89.125
2020-11-10,"2",326.028843562785,248.615625
2020-11-10,"3",323.405252551551,219.16875
2020-11-10,"4",324.110344192514,212.84375
2020-11-10,"5",320.373181119681,206.578125
2020-11-10,"6",320.365020240943,199.29375
2020-11-10,"7",320.357553122447,181.653125
2020-11-10,"8",320.330863238338,168.215625
2020-11-10,"9",236.10295363336,151.396875
2021-03-08,"0.1",370.040799026459,360.13125
2021-03-08,"1",361.254968034785,354.121875
2021-03-08,"10",359.104937228799,377.203125
2021-03-08,"11",357.905142012668,380.434375
2021-03-08,"2",360.599156329839,349.44375
2021-03-08,"3",360.462382538283,372.090625
2021-03-08,"4",360.101533017459,376.3625
2021-03-08,"5",360.107287418562,375.56875
2021-03-08,"6",360.10334119795,371.9375
2021-03-08,"7",360.094467835382,376.796875
2021-03-08,"8",360.085764257469,379.596875
2021-03-08,"9",359.208710508078,377.61875
2021-03-31,"0.1",329.520234832244,324.678125
2021-03-31,"1",329.264475764542,301.740625
2021-03-31,"10",311.507824470322,260.975
2021-03-31,"11",310.703133682869,260.975
2021-03-31,"2",327.357832853656,324.35
2021-03-31,"3",315.119438508426,334.790625
2021-03-31,"4",319.263163135834,331.203125
2021-03-31,"5",319.263163135834,323.8
2021-03-31,"6",323.50030064932,303.528125
2021-03-31,"7",323.492245987206,284.1
2021-03-31,"8",323.488049818818,271.203125
2021-03-31,"9",315.15109854918,271.459375
2021-04-05,"0.1",342.965559191989,279.921875
2021-04-05,"1",342.753738025315,325.634375
2021-04-05,"10",335.01661097806,293.903125
2021-04-05,"11",334.242238521555,280.20625
2021-04-05,"2",342.082664261044,324.559375
2021-04-05,"3",336.900733491625,320.73125
2021-04-05,"4",332.371554611509,319.846875
2021-04-05,"5",337.098040917326,315.9875
2021-04-05,"6",335.996100057808,313.5875
2021-04-05,"7",335.986833558058,309.81875
2021-04-05,"8",335.983293288064,303.18125
2021-04-05,"9",335.33549088685,299.321875
2021-05-03,"0.1",299.977912413911,270.553125
2021-05-03,"1",300.154261822347,273.0625
2021-05-03,"10",122.493665734118,57.0625
2021-05-03,"11",75.8973970591822,53.284375
2021-05-03,"2",299.563625129344,275.153125
2021-05-03,"3",297.229195698413,280.684375
2021-05-03,"4",303.530160300723,277.45625
2021-05-03,"5",304.648447015403,190.85625
2021-05-03,"6",305.804292072241,167.0375
2021-05-03,"7",304.360651274163,133.00625
2021-05-03,"8",293.548767600514,87.821875
2021-05-03,"9",192.374525603931,76.23125
2021-05-14,"0.1",302.995422651678,275.709375
2021-05-14,"1",302.916803822635,279.35
2021-05-14,"10",18.8662940420334,4.8375
2021-05-14,"11",0,4.934375
2021-05-14,"2",300.759536511334,277.725
2021-05-14,"3",297.731652206081,280.9875
2021-05-14,"4",291.34497094802,293.7125
2021-05-14,"5",300.345335893637,233.71875
2021-05-14,"6",307.86242774851,143.246875
2021-05-14,"7",298.138503258581,83.5875
2021-05-14,"8",268.84586727684,36.521875
2021-05-14,"9",127.836231293954,5.159375
2021-05-31,"0.1",285.625174599529,235.125
2021-05-31,"1",287.438779787029,235.25
2021-05-31,"10",0,36.225
2021-05-31,"11",0,35.2625
2021-05-31,"2",287.417738655103,243.521875
2021-05-31,"3",299.425402677883,265.396875
2021-05-31,"4",304.881719013016,301.46875
2021-05-31,"5",309.828443128507,243.4
2021-05-31,"6",308.829917244957,115.625
2021-05-31,"7",277.773861402621,42.759375
2021-05-31,"8",234.763897954206,38.059375
2021-05-31,"9",30.5126294504719,37.228125
2021-06-15,"0.1",294.040937091638,251.875
2021-06-15,"1",296.122112852137,255.3125
2021-06-15,"2",309.807534521799,257.1875
2021-06-15,"3",304.191321853412,256.25
2021-06-15,"4",300.249485519842,304.375
2021-06-15,"5",307.354500460477,239.375
2021-06-15,"6",313.456251658324,120.3125
2021-06-15,"7",283.427370930292,43.75
2021-06-16,"0.1",287.108999550611,239.18125
2021-06-16,"1",288.834965624265,217.79375
2021-06-16,"10",0,30.984375
2021-06-16,"11",0,32.44375
2021-06-16,"2",295.188855993691,255.65
2021-06-16,"3",288.272899249432,262.9375
2021-06-16,"4",299.543704381164,287.61875
2021-06-16,"5",306.452001474519,186.9875
2021-06-16,"6",311.332574223447,87.51875
2021-06-16,"7",280.746221370781,44.05
2021-06-16,"8",236.33757470037,35.8375
2021-06-16,"9",19.2980836051878,31.240625
2021-06-28,"0.1",315.884372567405,258.39375
2021-06-28,"1",328.576593279406,275.015625
2021-06-28,"10",0.000574134859914832,16.45625
2021-06-28,"11",0.000461252380910289,16.753125
2021-06-28,"2",280.193082572882,284.271875
2021-06-28,"3",277.686533743734,276.16875
2021-06-28,"4",287.866156800227,281.18125
2021-06-28,"5",287.642422016273,116.459375
2021-06-28,"6",283.293032321442,42.74375
2021-06-28,"7",256.70021880996,23.525
2021-06-28,"8",203.064057402352,20.45
2021-06-28,"9",44.945176555143,18.134375
2021-07-12,"0.1",270.918228197769,279.965625
2021-07-12,"1",272.642966787716,275.2875
2021-07-12,"10",0,23.884375
2021-07-12,"11",0,22.446875
2021-07-12,"2",277.42666095282,282.009375
2021-07-12,"3",274.368963533968,270.31875
2021-07-12,"4",275.838934235872,164.384375
2021-07-12,"5",277.520608538625,51.084375
2021-07-12,"6",251.572136556471,41.865625
2021-07-12,"7",215.489983028323,35.025
2021-07-12,"8",160.535047539689,29.4
2021-07-12,"9",28.1427064272825,25.671875
2021-07-26,"0.1",258.384273646299,236.85625
2021-07-26,"1",260.625847531762,217.99375
2021-07-26,"10",0,63.725
2021-07-26,"11",0,63.6625
2021-07-26,"2",266.226526057781,257.896875
2021-07-26,"3",262.917914252723,77.025
2021-07-26,"4",269.087987882667,44.875
2021-07-26,"5",269.838661473672,51.515625
2021-07-26,"6",236.627421024187,46.0875
2021-07-26,"7",193.245642406529,54.20625
2021-07-26,"8",127.862803577445,60.146875
2021-07-26,"9",0,60.7125
2021-08-09,"0.1",264.246553931853,295.625
2021-08-09,"1",265.712082599402,290.3125
2021-08-09,"2",266.795081621911,294.375
2021-08-09,"3",266.399822629336,248.75
2021-08-09,"4",268.132246190122,26.875
2021-08-23,"0.1",275.74875301108,280.3125
2021-08-23,"1",276.067809262469,279.6875
2021-08-23,"10",30.9490090396771,3.4375
2021-08-23,"11",0,3.75
2021-08-23,"2",274.642851291167,279.0625
2021-08-23,"3",275.921258673437,275.625
2021-08-23,"4",278.900827819223,32.8125
2021-08-23,"5",278.900827819223,6.875
2021-08-23,"6",256.509007989246,5
2021-08-23,"7",226.723757292761,4.375
2021-08-23,"8",172.745185921508,4.375
2021-08-23,"9",90.8599757523096,4.0625
2021-09-06,"0.1",281.590473079927,272.5
2021-09-06,"1",282.750945993664,272.8125
2021-09-06,"10",4.25194826694352,5
2021-09-06,"11",0,5
2021-09-06,"2",279.236513413976,271.875
2021-09-06,"3",280.309749769144,270.625
2021-09-06,"4",283.964829353989,131.5625
2021-09-06,"5",283.964829353989,10.3125
2021-09-06,"6",251.901818027837,6.875
2021-09-06,"7",221.62640534352,6.5625
2021-09-06,"8",160.128497440944,5.9375
2021-09-06,"9",63.1782997001444,5.625
2021-09-21,"0.1",282.497367052693,240.9375
2021-09-21,"1",285.21142399122,238.125
2021-09-21,"10",0,5.9375
2021-09-21,"11",NA,5.3125
2021-09-21,"2",286.903432132292,233.125
2021-09-21,"3",289.90527285476,223.75
2021-09-21,"4",288.775647883518,224.375
2021-09-21,"5",286.6988215021,14.0625
2021-09-21,"6",243.108306538889,8.75
2021-09-21,"7",205.672531912066,7.5
2021-09-21,"8",101.04234378365,6.25
2021-09-21,"9",0.238485061477735,5.9375
2021-10-12,"0.1",299.64671980499,247.1875
2021-10-12,"1",299.555094684758,249.0625
2021-10-12,"10",0,7.8125
2021-10-12,"11",0,7.8125
2021-10-12,"2",290.873070827895,244.6875
2021-10-12,"3",291.757097743475,234.0625
2021-10-12,"4",292.755474945984,225.9375
2021-10-12,"5",293.551550416363,114.0625
2021-10-12,"6",294.303550103067,15.9375
2021-10-12,"7",297.919026507181,9.6875
2021-10-12,"8",298.579794890812,8.75
2021-10-12,"9",52.6208007696804,8.125
2021-10-26,"0.1",305.740173362774,265
2021-10-26,"1",308.426595992391,265.625
2021-10-26,"10",0,11.25
2021-10-26,"2",308.882528053354,264.375
2021-10-26,"3",286.173462347836,264.375
2021-10-26,"4",279.145357850014,263.125
2021-10-26,"5",295.760391720221,262.8125
2021-10-26,"6",306.491729660981,262.5
2021-10-26,"7",307.536610885405,260.9375
2021-10-26,"8",224.202299299195,261.25
2021-10-26,"9",0.397523302991915,12.8125
2021-11-09,"0.1",327.643554312108,291.875
2021-11-09,"1",327.185776648988,290.625
2021-11-09,"10",318.168600633645,258.75
2021-11-09,"11",NA,35
2021-11-09,"2",327.142080630127,290.625
2021-11-09,"3",324.811758517623,290.3125
2021-11-09,"4",324.42900340805,289.0625
2021-11-09,"5",323.990723286984,287.5
2021-11-09,"6",321.161008535165,284.0625
2021-11-09,"7",303.689621036019,282.8125
2021-11-09,"8",279.74948104835,280
2021-11-09,"9",318.168600633645,270.9375
2021-11-22,"0.1",346.774435876675,353.75
2021-11-22,"1",343.612679883997,348.125
2021-11-22,"2",343.604281907801,347.1875
2021-11-22,"3",343.593720458731,348.125
2021-11-22,"4",328.581786728175,344.0625
2021-11-22,"5",328.578038003022,345.3125
2021-11-22,"6",328.562527200683,345.9375
2021-11-22,"7",328.562894408136,346.5625
2021-11-22,"8",286.943576464892,344.6875
2021-11-22,"9",311.722185975693,345.3125
2021-12-06,"0.1",352.591681567784,377.8125
2021-12-06,"1",352.472402545524,376.5625
2021-12-06,"10",168.151639419858,350
2021-12-06,"2",352.463750983365,378.75
2021-12-06,"3",352.453571570466,375.625
2021-12-06,"4",352.463086208564,375.9375
2021-12-06,"5",352.457711133269,375.3125
2021-12-06,"6",352.445024669225,368.4375
2021-12-06,"7",352.432487838847,367.8125
2021-12-06,"8",284.050406460984,365.625
2021-12-06,"9",240.294239192114,361.25
2022-01-26,"0.1",418.864700933566,389.0625
2022-01-26,"1",389.329949394041,392.1875
2022-01-26,"10",382.951685179244,376.5625
2022-01-26,"2",385.281563805191,391.25
2022-01-26,"3",385.283004367353,391.5625
2022-01-26,"4",385.282952254699,390
2022-01-26,"5",385.276163843662,387.8125
2022-01-26,"6",385.269055658342,390
2022-01-26,"7",385.133024156162,385.3125
2022-01-26,"8",384.431225388054,386.875
2022-01-26,"9",384.211855680377,385
2022-02-24,"0.1",384.493893991787,321.734375
2022-02-24,"1",384.535256062207,367.025
2022-02-24,"10",380.472895019966,363.446875
2022-02-24,"11",NA,363.446875
2022-02-24,"2",355.711460197181,367.69375
2022-02-24,"3",357.741075658188,367
2022-02-24,"4",376.369985994139,365.21875
2022-02-24,"5",382.520014440179,364.621875
2022-02-24,"6",382.510964200969,364.9875
2022-02-24,"7",382.506687299168,364.68125
2022-02-24,"8",382.045706758245,364.15
2022-02-24,"9",381.692781265871,364.63125
2022-03-22,"0.1",358.19207554792,232.8625
2022-03-22,"1",358.110883526406,241.96875
2022-03-22,"10",333.057849102816,250.35
2022-03-22,"11",NA,250.35
2022-03-22,"2",357.475670138957,234.228125
2022-03-22,"3",356.868969891181,260.15625
2022-03-22,"4",355.215777139681,255.19375
2022-03-22,"5",355.098342622123,275.321875
2022-03-22,"6",352.419562229566,291.015625
2022-03-22,"7",338.668110381404,276.090625
2022-03-22,"8",326.222424570491,272.65
2022-03-22,"9",333.057849102816,252.79375
2022-04-12,"0.1",336.452648872526,279.73125
2022-04-12,"1",335.024020054477,290.54375
2022-04-12,"10",332.279186200291,78.075
2022-04-12,"11",NA,78.075
2022-04-12,"2",328.824081475816,328.15625
2022-04-12,"3",324.926347793532,324.390625
2022-04-12,"4",331.873090761392,307.45625
2022-04-12,"5",338.052888319177,298.128125
2022-04-12,"6",338.34515269167,276.21875
2022-04-12,"7",333.631530737195,221.515625
2022-04-12,"8",332.955141932743,213.175
2022-04-12,"9",332.705670879401,195.55
2022-05-02,"0.1",325.643414729834,243.215625
2022-05-02,"1",325.598084745946,284.690625
2022-05-02,"10",42.151178566432,2.0375
2022-05-02,"11",NA,2.0375
2022-05-02,"2",322.458134625211,289.34375
2022-05-02,"3",319.370078980048,292.3625
2022-05-02,"4",312.170407798918,298
2022-05-02,"5",305.916103256487,197.83125
2022-05-02,"6",304.944310863523,113.140625
2022-05-02,"7",301.809486857837,17.35
2022-05-02,"8",153.168974285077,2.23125
2022-05-02,"9",68.4423058115911,2.10625
