"DateTime","Depth","mod_temp","obs_temp"
2015-07-30,"0.1",29.8641222460088,27.7
2015-07-30,"1",29.5561709186012,27.7
2015-07-30,"10",8.98232575322685,8.8
2015-07-30,"11",NA,8.3
2015-07-30,"2",27.1174888432578,27.7
2015-07-30,"3",26.0710414467652,27.6
2015-07-30,"4",25.0570883059018,27.6
2015-07-30,"5",19.5461372858119,20.8
2015-07-30,"6",12.0847732604109,17
2015-07-30,"7",11.7861278153072,13.3
2015-07-30,"8",10.073502376148,11.2
2015-07-30,"9",8.9816438236144,10.1
2015-08-13,"0.1",26.6090212957412,25.7
2015-08-13,"1",26.571428596548,25.6
2015-08-13,"10",9.27024316888408,8.6
2015-08-13,"11",NA,8.3
2015-08-13,"2",24.9686652421398,25.5
2015-08-13,"3",23.7529868145926,25.4
2015-08-13,"4",23.7529868145926,25
2015-08-13,"5",19.3320251522409,22.6
2015-08-13,"6",12.933862288413,18
2015-08-13,"7",12.3189789485186,13.6
2015-08-13,"8",10.5185201434216,11.4
2015-08-13,"9",9.27673688631993,9.5
2016-04-05,"0.1",13.0952162185896,11.45
2016-04-05,"1",13.0928237195916,11.5
2016-04-05,"10",7.87280511695534,6.2
2016-04-05,"11",7.87391949157909,6.1
2016-04-05,"2",12.6661878865492,11.4
2016-04-05,"3",10.5707125570405,11.4
2016-04-05,"4",9.92032647569314,11.3
2016-04-05,"5",9.74846018813489,10.9
2016-04-05,"7",8.60815620237108,8.3
2016-04-05,"8",8.40399985631234,7.4
2016-04-05,"9",7.89030049933068,6.6
2017-03-17,"0.1",0.31626455415998,5.9
2017-03-17,"11",NA,5.4
2017-03-17,"3",7.09802567385493,5.6
2017-03-17,"6",7.06359703766521,5.5
2017-03-17,"9",7.06359703766521,5.4
2017-04-10,"0.1",13.484741839794,12.3
2017-04-10,"11",NA,7.6
2017-04-10,"3",9.47710003138022,11.3
2017-04-10,"6",6.54799064809626,10.7
2017-04-10,"9",6.3487481661073,8.5
2017-05-05,"0.1",18.7842906424085,18.2
2017-05-05,"1",18.7842739709336,18
2017-05-05,"10",7.81718296467606,8.7
2017-05-05,"11",NA,8.4
2017-05-05,"2",16.4191831518659,17.5
2017-05-05,"3",13.7996679039532,17
2017-05-05,"4",13.2154011768873,15
2017-05-05,"5",11.6868625778295,14.1
2017-05-05,"6",10.2143724832197,12.4
2017-05-05,"7",10.0280535203901,11.2
2017-05-05,"8",9.25426859604252,10.2
2017-05-05,"9",7.8668326170804,9
2017-05-10,"0.1",15.2995014805342,16
2017-05-10,"1",15.2979658368484,15.7
2017-05-10,"10",8.11367985602161,8.8
2017-05-10,"11",7.9884814955343,8.5
2017-05-10,"2",14.0820002585834,15.6
2017-05-10,"3",12.9297848810999,15.6
2017-05-10,"4",12.3620542255188,15.4
2017-05-10,"5",12.3620542255188,14.1
2017-05-10,"6",11.811885534205,12.4
2017-05-10,"7",10.9090152664141,11.1
2017-05-10,"8",9.74086583517822,10
2017-05-10,"9",8.52507395471728,9.3
2017-05-18,"0.1",21.1965629084541,22.2
2017-05-18,"1",21.193852870465,21.7
2017-05-18,"10",7.91222744440027,8.9
2017-05-18,"11",7.87275182212402,8.8
2017-05-18,"2",19.1517254314967,21.1
2017-05-18,"3",16.5632431904693,18
2017-05-18,"4",15.2392629198961,16.2
2017-05-18,"5",13.8122486562258,14.8
2017-05-18,"6",11.2442491810269,12.9
2017-05-18,"7",10.5980661354157,10.9
2017-05-18,"8",9.55525633561143,9.8
2017-05-18,"9",8.0929621383198,9.1
2017-05-25,"0.1",20.0368373660689,19.4
2017-05-25,"1",20.0227128863577,19.3
2017-05-25,"10",7.92862075684673,9.1
2017-05-25,"11",7.91423957658413,8.8
2017-05-25,"2",17.1581026667877,19.1
2017-05-25,"3",16.0050966397805,19.1
2017-05-25,"4",15.9073644795214,18.5
2017-05-25,"5",15.9073644795214,15.1
2017-05-25,"6",11.6855753888564,12.6
2017-05-25,"7",10.4850960173576,11.2
2017-05-25,"8",9.62964706240306,10.5
2017-05-25,"9",8.14008436176383,9.7
2017-05-30,"0.1",21.8549211946104,22.3
2017-05-30,"1",21.8512282925591,22.2
2017-05-30,"10",8.11836522013653,9.3
2017-05-30,"11",7.99609052165681,9
2017-05-30,"2",21.0198030850272,22.1
2017-05-30,"3",19.4412145791688,19
2017-05-30,"4",17.6639902746221,17.4
2017-05-30,"5",15.7801015172232,15.3
2017-05-30,"6",12.4987800624532,13.5
2017-05-30,"7",11.2050092865235,11.5
2017-05-30,"8",9.92788315108667,10.2
2017-05-30,"9",8.44119778435591,9.6
2017-06-01,"0.1",22.7481445336686,22.8
2017-06-01,"1",22.7481261382411,22.4
2017-06-01,"10",8.0423081661357,9.2
2017-06-01,"11",7.98948202033542,9
2017-06-01,"2",21.7362350827114,22.1
2017-06-01,"3",20.0804618484706,19.5
2017-06-01,"4",18.0187346633223,17.6
2017-06-01,"5",15.9106538613711,14.9
2017-06-01,"6",11.9791223132338,13.2
2017-06-01,"7",11.0129900036685,11.5
2017-06-01,"8",9.82664920450386,10.6
2017-06-01,"9",8.21741837723636,9.6
2017-06-08,"0.1",22.2213871438341,21
2017-06-08,"1",22.2206954627422,21.1
2017-06-08,"10",8.06326586841639,9.2
2017-06-08,"11",8.06376511722184,8.9
2017-06-08,"2",21.469514511763,21
2017-06-08,"3",19.4334586579993,20.8
2017-06-08,"4",18.9381775044277,17.3
2017-06-08,"5",16.1451095472857,15.4
2017-06-08,"6",11.4182109429269,12.8
2017-06-08,"7",10.8211480206625,11.1
2017-06-08,"8",9.81532080598845,10.2
2017-06-08,"9",8.1364274263313,9.7
2017-06-22,"0.1",26.4510484903193,25.8
2017-06-22,"1",26.0110245305153,25.7
2017-06-22,"10",8.27596271341167,9.2
2017-06-22,"11",NA,8.9
2017-06-22,"2",24.5118250861974,25.6
2017-06-22,"3",23.9442082914868,22.2
2017-06-22,"4",22.7479249538727,18.7
2017-06-22,"5",18.8330046087755,16.2
2017-06-22,"6",11.9588603403645,13.3
2017-06-22,"7",11.1244227238382,11.2
2017-06-22,"8",10.026468881032,10.3
2017-06-22,"9",8.39957612313168,9.6
2017-06-29,"0.1",24.7072305313892,25.1
2017-06-29,"1",24.7055197353909,24.3
2017-06-29,"10",8.38933252830607,9.4
2017-06-29,"11",NA,9.2
2017-06-29,"2",23.7124738839685,23.7
2017-06-29,"3",21.1407340530199,22.4
2017-06-29,"4",18.7300095698208,19.3
2017-06-29,"5",17.3952298074626,16.2
2017-06-29,"6",11.8314059669284,12.6
2017-06-29,"7",11.0886363673063,11.3
2017-06-29,"8",9.49573315444277,10.4
2017-06-29,"9",8.42383290631043,9.8
2017-07-07,"0.1",27.3014149969617,26.1
2017-07-07,"1",25.4905184706032,26
2017-07-07,"10",8.53427857094897,9.1
2017-07-07,"2",20.7545361205138,25.9
2017-07-07,"3",19.7803066139015,25.8
2017-07-07,"4",19.7803066139015,17.4
2017-07-07,"5",15.849023014537,14.1
2017-07-07,"6",11.4810590198845,12.3
2017-07-07,"7",11.0873526974632,10.9
2017-07-07,"8",8.99544473341038,9.9
2017-07-07,"9",8.53725215845108,9.4
2017-07-13,"0.1",26.9304686357109,31.9
2017-07-13,"1",25.9809784452547,29
2017-07-13,"10",8.66419049438297,9.2
2017-07-13,"2",21.9424268545659,27.4
2017-07-13,"4",20.6693599276544,17.4
2017-07-13,"5",14.5399428351179,13.6
2017-07-13,"6",12.1078154186371,12
2017-07-13,"7",11.1725428005825,10.7
2017-07-13,"8",9.06139843029974,10
2017-07-13,"9",8.71996006901924,9.5
2017-07-20,"0.1",27.1340621107492,29.5
2017-07-20,"1",25.2978959484047,29
2017-07-20,"2",21.0349483715405,28.6
2017-07-20,"4",19.8204280095472,15
2017-07-20,"5",14.2276307484438,12.6
2017-07-20,"6",12.1369286087092,11.3
2017-07-20,"7",11.0086591448675,10.4
2017-07-20,"8",9.12718580342428,9.8
2017-07-20,"9",8.81419293464881,9.5
2017-07-27,"0.1",25.597617322157,27
2017-07-27,"1",24.9310213881755,26.6
2017-07-27,"2",22.6019988741069,26.4
2017-07-27,"4",20.1877853150402,16.7
2017-07-27,"5",13.9155256958506,12.7
2017-07-27,"6",12.5914064511643,11.7
2017-07-27,"7",11.1818891944748,10.5
2017-07-27,"8",9.18431329465887,9.8
2017-07-27,"9",8.96072419914733,9.5
2017-08-03,"0.1",25.2863055966403,25.6
2017-08-03,"1",24.8342647825924,25.5
2017-08-03,"2",21.012936042845,24.9
2017-08-03,"4",19.0248847844541,16.7
2017-08-03,"5",13.718575082968,13.2
2017-08-03,"6",12.6170410451206,11.3
2017-08-03,"7",11.5181850506632,10.2
2017-08-03,"8",9.24569763537772,9.8
2017-08-03,"9",9.09144448565649,9.5
2017-08-10,"0.1",24.5155981034016,24.7
2017-08-10,"1",23.7494779937785,24.6
2017-08-10,"10",9.23586476073886,9.2
2017-08-10,"2",20.4399609422364,24.4
2017-08-10,"4",18.9674115924876,18.2
2017-08-10,"5",14.0910368283408,13.6
2017-08-10,"6",12.8942274608338,11.7
2017-08-10,"7",11.8367283251849,10.7
2017-08-10,"8",9.62384351619216,9.9
2017-08-10,"9",9.26105550955469,9.5
2017-08-17,"0.1",25.7931020765573,30.3
2017-08-17,"1",25.5728085204071,27.7
2017-08-17,"10",9.37051677755111,9.3
2017-08-17,"2",22.691652801578,25.5
2017-08-17,"4",20.1913350126535,20.1
2017-08-17,"5",13.7467560402354,14.1
2017-08-17,"6",12.8980892964189,12
2017-08-17,"7",12.1677973417166,10.8
2017-08-17,"8",9.49968608321051,10
2017-08-17,"9",9.37077131023495,9.5
2017-08-24,"0.1",26.7975471689564,26
2017-08-24,"1",26.7972294152282,26.1
2017-08-24,"2",25.8178867768369,26.1
2017-08-24,"4",22.252762922165,19
2017-08-24,"5",13.5629284503103,14.5
2017-08-24,"6",12.9674722079119,12.3
2017-08-24,"7",12.5339306549305,10.8
2017-08-24,"8",9.54588813170808,10.1
2017-08-24,"9",9.50236569070148,9.7
2017-09-05,"0.1",22.0349265765141,24.3
2017-09-05,"1",21.929847743408,21.9
2017-09-05,"2",17.8306687851538,20.2
2017-09-05,"3",16.788231987035,20
2017-09-05,"4",15.8841752856664,19.6
2017-09-05,"5",14.0841913910304,16.7
2017-09-05,"6",13.4730401774829,13.2
2017-09-05,"7",12.5579300229832,11.5
2017-09-05,"8",10.2328887749231,10.4
2017-09-05,"9",9.78710526600278,10
2017-09-19,"0.1",21.79885173838,24.6
2017-09-19,"1",21.7968288082986,24
2017-09-19,"10",9.92541726974733,9.7
2017-09-19,"2",19.6839628877855,19.1
2017-09-19,"3",18.3771419099886,18.3
2017-09-19,"4",18.029284900519,17.8
2017-09-19,"5",13.9134492838608,15.7
2017-09-19,"6",13.3603316835346,14.1
2017-09-19,"7",13.0692192022461,12.1
2017-09-19,"8",10.0656712210981,10.6
2017-09-19,"9",9.93343883550004,10
2017-10-03,"0.1",21.1733103817028,20.6
2017-10-03,"1",21.1730984394936,19.6
2017-10-03,"2",20.6256089209794,19.2
2017-10-03,"3",20.4486524084757,18.7
2017-10-03,"4",19.1501341487519,17.7
2017-10-03,"5",13.9203324146617,16.2
2017-10-03,"6",13.745484081723,13.6
2017-10-03,"7",12.894339355728,11.5
2017-10-03,"8",10.1160871419936,10.5
2017-10-03,"9",10.0781221240196,10.2
2017-10-17,"0.1",18.2440325658252,18.8
2017-10-17,"1",18.2440309793875,18.3
2017-10-17,"10",10.2002440809714,8.2
2017-10-17,"11",NA,7.8
2017-10-17,"2",17.9895095289548,18.1
2017-10-17,"3",16.2137543155692,17.9
2017-10-17,"4",15.9957760055152,18.8
2017-10-17,"5",15.1233148266602,17.7
2017-10-17,"6",14.3543105090676,16.2
2017-10-17,"7",13.4789010669743,13.5
2017-10-17,"8",10.7246056064241,10.6
2017-10-17,"9",10.2863745963566,9.1
2017-11-07,"0.1",14.8741624568387,12.9
2017-11-07,"1",14.5725410400255,12.5
2017-11-07,"2",12.4131589259068,12.5
2017-11-07,"3",11.3834852574605,12.4
2017-11-07,"4",10.2701379843709,12.3
2017-11-07,"5",9.2258649578976,12.2
2017-11-07,"6",8.7069053538967,12.1
2017-11-07,"7",6.74998705646108,12
2017-11-07,"8",6.74998705646108,11.9
2017-11-07,"9",6.74998705646108,11.8
2018-05-04,"0.1",18.251972338781,20.1608
2018-05-04,"1",18.0760111662917,19.6319
2018-05-04,"10",7.84376398069663,6.9643
2018-05-04,"11",NA,6.966
2018-05-04,"2",16.0718770463182,14.1327
2018-05-04,"3",13.2232044679906,12.9077
2018-05-04,"4",12.2008442197027,11.6929
2018-05-04,"5",11.3143079986641,11.1392
2018-05-04,"6",10.4792559010366,10.319
2018-05-04,"7",10.1179286199769,8.5417
2018-05-04,"8",9.73733149059593,7.4292
2018-05-04,"9",7.97883050485095,7.0405
2018-05-11,"0.1",21.0825538707737,21.6094
2018-05-11,"1",21.0823641824303,21.2463
2018-05-11,"10",7.82869283533034,7.162
2018-05-11,"11",NA,7.0658
2018-05-11,"2",19.3202789039668,16.7359
2018-05-11,"3",15.6686609090826,14.3863
2018-05-11,"4",14.1717933590858,12.5744
2018-05-11,"5",12.2078061925871,10.7037
2018-05-11,"6",10.5143774525343,8.8253
2018-05-11,"7",10.1763001720035,7.952
2018-05-11,"8",9.834119198422,7.3497
2018-05-11,"9",7.86620363034788,7.2542
2018-05-17,"0.1",23.5094197830702,22.7869
2018-05-17,"1",23.408379070802,22.1355
2018-05-17,"10",7.85581249113932,7.1824
2018-05-17,"11",NA,7.1243
2018-05-17,"2",21.1902364502528,17.6446
2018-05-17,"3",21.1902364502528,14.379
2018-05-17,"4",18.739476861952,12.0835
2018-05-17,"5",14.562614831807,10.3414
2018-05-17,"6",10.7882733548291,9.0406
2018-05-17,"7",10.2394863019136,8.2809
2018-05-17,"8",9.88925923117319,7.5158
2018-05-17,"9",7.90367630760313,7.2911
2018-05-24,"0.1",23.9751395784239,24.7273
2018-05-24,"1",23.9051173072754,23.3843
2018-05-24,"10",8.36783906522638,7.4253
2018-05-24,"11",8.0228703794374,7.2665
2018-05-24,"2",23.2498409868089,19.2069
2018-05-24,"3",23.1837667491565,17.0613
2018-05-24,"4",22.3090926412391,13.6913
2018-05-24,"5",19.9988605588468,11.6846
2018-05-24,"6",15.9363013514469,9.8702
2018-05-24,"7",13.9960556369271,8.6828
2018-05-24,"8",12.023459277914,8.0259
2018-05-24,"9",9.01293674159534,7.6289
2018-05-31,"0.1",25.2523110045678,24.2285
2018-05-31,"1",25.1985376720263,23.4664
2018-05-31,"10",7.99957491733957,7.4254
2018-05-31,"11",7.97257375959133,7.2554
2018-05-31,"2",24.1493485261023,21.7067
2018-05-31,"3",23.8844134394296,16.7249
2018-05-31,"4",22.8418282706856,14.4612
2018-05-31,"5",20.0915484607823,11.8329
2018-05-31,"6",13.310793376235,9.9113
2018-05-31,"7",11.6745478167162,8.9154
2018-05-31,"8",10.7861381053307,8.0445
2018-05-31,"9",8.3201240449404,7.5635
2018-06-07,"0.1",25.1107533588825,24.1634
2018-06-07,"1",25.1107530772848,23.9017
2018-06-07,"10",8.04693686090906,7.406
2018-06-07,"11",8.04912509912793,7.3243
2018-06-07,"2",25.1032383868616,22.2404
2018-06-07,"3",23.940646651067,17.8307
2018-06-07,"4",22.5165937568505,13.9105
2018-06-07,"5",19.6070259808553,11.7835
2018-06-07,"6",11.9975848158847,9.9388
2018-06-07,"7",10.9526552925874,8.9331
2018-06-07,"8",10.3927743619104,8.0955
2018-06-07,"9",8.12198070047624,7.6518
2018-06-14,"0.1",25.869851801147,24.0231
2018-06-14,"1",25.7080810115896,23.8054
2018-06-14,"10",8.14548036016017,7.5088
2018-06-14,"11",8.1418075028321,7.3746
2018-06-14,"2",22.2091130316956,23.2138
2018-06-14,"3",19.5655217691989,17.7653
2018-06-14,"4",18.9529155653847,14.6879
2018-06-14,"5",17.4217002361604,11.9363
2018-06-14,"6",12.3154112803535,9.9903
2018-06-14,"7",10.8963283076896,9.0001
2018-06-14,"8",10.2497000521206,8.1132
2018-06-14,"9",8.4659629753102,7.6632
2018-06-21,"0.1",29.4562495460768,27.3768
2018-06-21,"1",29.4049606074043,27.3757
2018-06-21,"10",8.24743911608638,7.6096
2018-06-21,"11",8.24878480590682,7.4817
2018-06-21,"2",26.4590891052674,22.9197
2018-06-21,"3",21.8095967020263,18.4661
2018-06-21,"4",20.7431887676142,14.1478
2018-06-21,"5",18.5211143028918,11.2025
2018-06-21,"6",11.4588174114424,9.649
2018-06-21,"7",10.8395649365211,8.7448
2018-06-21,"8",10.4542328979309,8.2353
2018-06-21,"9",8.28900471041578,7.7686
2018-06-28,"0.1",26.647747492714,24.0146
2018-06-28,"1",26.5748085679899,23.8832
2018-06-28,"10",8.36282553418122,7.5609
2018-06-28,"11",8.36476990351389,7.4983
2018-06-28,"2",24.5557565412752,23.8521
2018-06-28,"3",23.8511432231264,18.0766
2018-06-28,"4",22.2926157606708,13.2146
2018-06-28,"5",18.0861230784736,10.6001
2018-06-28,"6",11.5097827681534,9.2363
2018-06-28,"7",10.9901779071299,8.4106
2018-06-28,"8",10.271851692812,7.8902
2018-06-28,"9",8.40179295324424,7.7103
2018-07-05,"0.1",29.811966287824,29.049
2018-07-05,"1",29.7716098015205,26.5662
2018-07-05,"10",8.49443814105685,7.5689
2018-07-05,"11",NA,7.4898
2018-07-05,"2",27.8813105213876,24.0164
2018-07-05,"3",24.746320156065,20.7971
2018-07-05,"4",23.3024853108857,14.4274
2018-07-05,"5",18.1557813173596,12.1306
2018-07-05,"6",11.4845024900622,10.2152
2018-07-05,"7",11.1207738557096,9.0532
2018-07-05,"8",10.1154732251742,8.1491
2018-07-05,"9",8.50314231489429,7.7378
2018-07-12,"0.1",28.5969212899531,27.7504
2018-07-12,"1",28.5936458598525,27.0292
2018-07-12,"10",8.63161545816495,7.6361
2018-07-12,"11",NA,7.5599
2018-07-12,"2",24.8057717077779,24.4136
2018-07-12,"3",22.666206505144,21.0613
2018-07-12,"4",21.5593570876438,13.8385
2018-07-12,"5",17.0981051990124,10.7304
2018-07-12,"6",11.8829027938626,9.5759
2018-07-12,"7",11.3240398964082,8.735
2018-07-12,"8",9.94640148772987,8.079
2018-07-12,"9",8.65811995486412,7.7935
2018-07-19,"0.1",29.2939185341958,27.7175
2018-07-19,"1",29.2939171647811,26.9363
2018-07-19,"10",8.77026139958463,7.7485
2018-07-19,"11",NA,7.7485
2018-07-19,"2",27.4589600632268,24.9949
2018-07-19,"3",24.5589938191752,20.3683
2018-07-19,"4",23.4604603062979,14.6913
2018-07-19,"5",15.6173460314801,11.1476
2018-07-19,"6",11.7200961364364,9.5107
2018-07-19,"7",11.4769330637642,8.7066
2018-07-19,"8",9.56234555750435,8.2152
2018-07-19,"9",8.77174994324036,7.8609
2018-07-26,"0.1",26.3898598783584,25.1167
2018-07-26,"1",24.6712905185326,24.9395
2018-07-26,"10",8.98296140068558,9.0393
2018-07-26,"11",NA,9.0393
2018-07-26,"2",20.6130654494845,24.8543
2018-07-26,"3",20.0140734475422,24.7463
2018-07-26,"4",20.0140734475422,15.0735
2018-07-26,"5",18.3457185417099,11.9479
2018-07-26,"6",13.0630981874022,9.8492
2018-07-26,"7",11.9451367531749,8.9651
2018-07-26,"8",10.799405941088,9.0393
2018-07-26,"9",9.41550298482959,9.0393
2018-08-02,"0.1",26.5912429616604,24.9483
2018-08-02,"1",26.1668874399524,24.9491
2018-08-02,"10",9.08638206462475,7.772
2018-08-02,"11",NA,7.7118
2018-08-02,"2",21.9879253277528,24.6286
2018-08-02,"3",21.2175378192213,21.1985
2018-08-02,"4",21.2175378192213,14.5705
2018-08-02,"5",18.7308138703686,11.3584
2018-08-02,"6",13.3617127600704,9.8869
2018-08-02,"7",12.3805575059459,8.7957
2018-08-02,"8",10.5788644725274,8.2666
2018-08-02,"9",9.2782990747997,7.96
2018-08-09,"0.1",27.2340085942572,26.7122
2018-08-09,"1",26.5688688686936,26.6418
2018-08-09,"10",9.27324792111658,8.0693
2018-08-09,"11",NA,8.0693
2018-08-09,"2",23.2108127592915,26.5693
2018-08-09,"3",22.5915672090638,23.5068
2018-08-09,"4",22.2073243190167,15.9958
2018-08-09,"5",17.8325803044115,11.5296
2018-08-09,"6",14.1221499052384,9.7874
2018-08-09,"7",12.924121945707,8.7177
2018-08-09,"8",10.9423493122225,8.2891
2018-08-09,"9",9.57483700257657,8.0693
2018-08-16,"0.1",26.9895095626683,26.3975
2018-08-16,"1",26.8833231072152,26.2119
2018-08-16,"10",9.34380816914789,7.9339
2018-08-16,"11",NA,7.8322
2018-08-16,"2",24.6787324507633,26.0628
2018-08-16,"3",22.5187052686244,22.2802
2018-08-16,"4",21.1149874754209,15.576
2018-08-16,"5",16.2771683769317,11.758
2018-08-16,"6",13.2347374198505,10.0318
2018-08-16,"7",12.6734133725434,8.9481
2018-08-16,"8",10.2915267101176,8.3786
2018-08-16,"9",9.37728874083512,8.1188
2018-08-24,"0.1",23.9044899463111,24.459
2018-08-24,"1",23.8926719140023,24.0558
2018-08-24,"10",9.53320494916757,7.9196
2018-08-24,"11",NA,7.9189
2018-08-24,"2",22.2312121738504,23.7476
2018-08-24,"3",18.3307070277713,22.9255
2018-08-24,"4",18.3307070277713,16.7022
2018-08-24,"5",17.1853099663192,11.7924
2018-08-24,"6",13.8565647703922,9.9281
2018-08-24,"7",12.9894022527171,9.0685
2018-08-24,"8",11.046944444496,8.3744
2018-08-24,"9",9.80016814257365,8.1703
2018-09-07,"0.1",27.0691815269181,28.1239
2018-09-07,"1",26.9456192528351,27.646
2018-09-07,"10",9.74549834955448,8.1353
2018-09-07,"11",NA,8.1353
2018-09-07,"2",23.8785740499612,26.4868
2018-09-07,"3",23.1609314576824,23.2721
2018-09-07,"4",21.6797065631626,15.7538
2018-09-07,"5",14.6372910203399,11.8974
2018-09-07,"6",13.4543068929376,10.0566
2018-09-07,"7",13.0275961733678,9.0349
2018-09-07,"8",9.97811248283138,8.4387
2018-09-07,"9",9.7502961383164,8.2026
2018-09-21,"0.1",23.938146343103,23.7267
2018-09-21,"1",22.7885320604283,23.4236
2018-09-21,"10",10.1104219227963,8.1627
2018-09-21,"11",NA,8.1312
2018-09-21,"2",20.7902276694421,22.8312
2018-09-21,"3",20.6602749337241,22.0699
2018-09-21,"4",20.3541527898234,19.6708
2018-09-21,"5",19.3670908475607,14.0119
2018-09-21,"6",16.1038175775134,10.6472
2018-09-21,"7",14.4510450230485,9.2243
2018-09-21,"8",12.4254009260953,8.4536
2018-09-21,"9",10.529999301398,8.2817
2018-10-05,"0.1",22.8946113812129,23.2075
2018-10-05,"1",22.3591430376945,22.3365
2018-10-05,"10",10.1795370795302,8.324
2018-10-05,"11",10.116232594572,8.2599
2018-10-05,"2",20.1556227819981,21.7038
2018-10-05,"3",19.3862214656786,21.1651
2018-10-05,"4",18.6667074347817,19.874
2018-10-05,"5",17.4844047189869,15.9417
2018-10-05,"6",15.1596544245502,11.9443
2018-10-05,"7",14.5596786462167,9.9465
2018-10-05,"8",13.3928959216322,8.9968
2018-10-05,"9",10.4260360753876,8.6717
2018-10-19,"0.1",16.8279455281938,16.4142
2018-10-19,"1",16.8279377302399,15.9487
2018-10-19,"10",10.3298464411063,8.6042
2018-10-19,"11",10.2352679610385,8.6042
2018-10-19,"2",16.7612663199688,15.9041
2018-10-19,"3",16.3410084905325,15.8748
2018-10-19,"4",15.1129332444485,15.846
2018-10-19,"5",14.5424538823697,15.765
2018-10-19,"6",12.9936703658301,15.5502
2018-10-19,"7",12.9936703658301,11.4588
2018-10-19,"8",12.9936703658301,9.7038
2018-10-19,"9",10.7444011945105,9.0327
2018-10-29,"0.1",13.9824632171671,8.3
2018-10-29,"1",13.9760290995283,8.2
2018-10-29,"10",8.00051218130122,8.1
2018-10-29,"11",8.00051218130122,8.1
2018-10-29,"2",12.0308324287259,8.2
2018-10-29,"3",9.35998063667452,8.2
2018-10-29,"4",9.08098057487615,8.2
2018-10-29,"5",8.58827183884214,8.2
2018-10-29,"6",8.00051218130122,8.2
2018-10-29,"7",8.00051218130122,8.2
2018-10-29,"8",8.00051218130122,8.2
2018-10-29,"9",8.00051218130122,8.1
2018-11-02,"0.1",13.692856837062,12.7664
2018-11-02,"1",13.6233626151168,12.5148
2018-11-02,"10",9.08278271010693,10.3567
2018-11-02,"11",9.08278271010693,9.0659
2018-11-02,"2",13.0158035583398,12.3985
2018-11-02,"3",10.9532541205477,11.6921
2018-11-02,"4",10.2879709378603,11.5219
2018-11-02,"5",9.97769695220817,11.4186
2018-11-02,"6",9.71851880341534,11.3256
2018-11-02,"7",9.57271596803807,11.1668
2018-11-02,"8",9.57271596803807,11.0697
2018-11-02,"9",9.08278271010693,10.92
2018-11-16,"0.1",9.12916700233219,8.2848
2018-11-16,"1",9.12915117811051,8.2697
2018-11-16,"10",5.1860984956277,8.1111
2018-11-16,"11",5.1860984956277,8.1482
2018-11-16,"2",8.0725151928626,8.2591
2018-11-16,"3",3.46970226773501,8.2497
2018-11-16,"4",2.71995399383356,8.1688
2018-11-16,"5",2.71995399383356,8.1458
2018-11-16,"6",3.26663695025634,8.1436
2018-11-16,"7",5.1860984956277,8.1454
2018-11-16,"8",5.1860984956277,8.1503
2018-11-16,"9",5.1860984956277,8.1308
2018-12-06,"0.1",2.81547578507767,4.6431
2018-12-06,"1",6.63496661876884,4.5167
2018-12-06,"10",6.63496661876884,4.4223
2018-12-06,"11",6.63496661876884,4.4207
2018-12-06,"2",6.63496661876884,4.4991
2018-12-06,"3",6.63496661876884,4.4756
2018-12-06,"4",6.63496661876884,4.4497
2018-12-06,"5",6.63496661876884,4.4576
2018-12-06,"6",6.63496661876884,4.4586
2018-12-06,"7",6.63496661876884,4.4537
2018-12-06,"8",6.63496661876884,4.4441
2018-12-06,"9",6.63496661876884,4.4487
2019-04-08,"0.1",14.3234330222549,14.4
2019-04-08,"1",13.9735388696234,13.8
2019-04-08,"10",7.64859163600022,7.7
2019-04-08,"11",7.64859163600022,7.7
2019-04-08,"2",11.3375157139421,13
2019-04-08,"3",9.74645108729139,12.2
2019-04-08,"4",9.3439390751364,10.4
2019-04-08,"5",8.86060941956262,9.9
2019-04-08,"6",8.40835925548803,9.3
2019-04-08,"7",8.33384465977063,8.8
2019-04-08,"8",8.33384465977063,8.1
2019-04-08,"9",7.65240816004205,7.9
2019-04-29,"0.1",18.4996105947509,16.5
2019-04-29,"1",18.4981302644029,16.1
2019-04-29,"10",7.85212041524225,8.3
2019-04-29,"11",7.80950338939902,8.2
2019-04-29,"2",17.5545595679448,15.8
2019-04-29,"3",14.071532467503,15.4
2019-04-29,"4",13.1294895280621,14.3
2019-04-29,"5",12.4139572063357,13.5
2019-04-29,"6",11.0781744482617,11.6
2019-04-29,"7",10.3873315385536,10.2
2019-04-29,"8",10.015969602966,9.3
2019-04-29,"9",8.15429138031465,8.5
2019-05-16,"0.1",19.8014017003037,19.6
2019-05-16,"1",19.8010949567347,19.4
2019-05-16,"10",7.88290794263912,8.2
2019-05-16,"11",7.85332788186584,8
2019-05-16,"2",19.0463939340306,19.2
2019-05-16,"3",15.9435441117943,18.8
2019-05-16,"4",15.2854656035087,18.7
2019-05-16,"5",14.8081858925492,12.6
2019-05-16,"6",11.7896132416072,11
2019-05-16,"7",10.5550578376027,10.4
2019-05-16,"8",9.9280020320608,9.7
2019-05-16,"9",8.17319148937868,8.6
2019-05-23,"0.1",23.6278362459531,23.3
2019-05-23,"1",23.6278356624815,22.9
2019-05-23,"10",7.91142174916127,8.3
2019-05-23,"11",7.90063185377172,8.2
2019-05-23,"2",23.4334754244652,22.7
2019-05-23,"3",18.3571558336745,21.6
2019-05-23,"4",17.0470317688647,18
2019-05-23,"5",16.0810713051432,15.7
2019-05-23,"8",10.0571541691272,9.2
2019-05-23,"9",7.99866136260293,8.6
2019-05-30,"0.1",25.5072748958024,26.5
2019-05-30,"1",25.4962368205083,26.3
2019-05-30,"10",7.97367550985015,8.4
2019-05-30,"11",7.96377319190283,8.2
2019-05-30,"2",22.5621778944469,26
2019-05-30,"3",21.7222692882434,23.7
2019-05-30,"4",18.8218993680313,20.7
2019-05-30,"5",16.8558124672336,15.4
2019-05-30,"6",11.9470672039264,12.5
2019-05-30,"7",10.5256526866204,10.5
2019-05-30,"8",9.95924848684093,9.2
2019-05-30,"9",8.15715321137915,8.7
2019-06-06,"0.1",23.2050197549484,23.7
2019-06-06,"1",23.2039200218572,23.5
2019-06-06,"10",8.05345610785227,9
2019-06-06,"11",8.04216420331656,8.9
2019-06-06,"2",21.6916602564511,23.5
2019-06-06,"3",19.2820538968659,23.5
2019-06-06,"4",18.5320174303853,23.5
2019-06-06,"5",17.4759983560181,16.5
2019-06-06,"6",12.3145019710631,12.3
2019-06-06,"7",10.7912652142964,10.6
2019-06-06,"8",10.1037264915705,9.4
2019-06-06,"9",8.23900806722313,9
2019-06-13,"0.1",22.2277709656382,22.0338
2019-06-13,"1",22.2013363420494,21.8025
2019-06-13,"10",8.37206391690405,8.3423
2019-06-13,"11",8.18475137370914,8.2068
2019-06-13,"2",20.6880007766892,21.7258
2019-06-13,"3",19.2747031048402,21.6697
2019-06-13,"4",19.2653497254708,19.1898
2019-06-13,"5",19.0857348675106,14.0136
2019-06-13,"6",14.7713107665772,11.0518
2019-06-13,"7",11.8935695436733,9.8247
2019-06-13,"8",10.6951758171325,9.0093
2019-06-13,"9",8.97132050369025,8.6355
2019-06-20,"0.1",25.8912199067198,24.5528
2019-06-20,"1",25.6013933455435,24.5424
2019-06-20,"10",8.28316281611703,8.4374
2019-06-20,"11",8.24423947451183,8.4625
2019-06-20,"2",22.4595846066053,24.5389
2019-06-20,"3",21.4350307232046,21.3957
2019-06-20,"4",20.1093837087203,19.6865
2019-06-20,"5",18.4910604323148,13.8699
2019-06-20,"6",12.752320240997,11.8558
2019-06-20,"7",11.4485251362142,10.4964
2019-06-20,"8",10.5325452077095,9.3545
2019-06-20,"9",8.5342241240907,8.7157
2019-06-27,"0.1",26.6661643693329,25.754
2019-06-27,"1",26.64739317364,25.206
2019-06-27,"10",8.35663517343415,8.5338
2019-06-27,"11",8.35486962444093,8.4502
2019-06-27,"2",22.9721485069449,24.5361
2019-06-27,"3",21.7662788176782,23.6103
2019-06-27,"4",21.3808665680853,20.2927
2019-06-27,"5",19.2731521261345,16.2889
2019-06-27,"6",12.2632478448537,12.4535
2019-06-27,"7",11.2278740896299,10.595
2019-06-27,"8",10.5452227366914,9.1857
2019-06-27,"9",8.54043385886155,8.7199
2019-07-03,"0.1",27.736469387341,26.4945
2019-07-03,"1",27.4218781817006,26.4769
2019-07-03,"10",8.45948886263673,8.5416
2019-07-03,"11",8.4608405832576,8.4797
2019-07-03,"2",23.0918451700765,26.3908
2019-07-03,"3",21.3618233641166,26.3421
2019-07-03,"4",21.3618233641166,20.8327
2019-07-03,"5",20.5277204031144,15.4214
2019-07-03,"6",12.2997851212598,12.6982
2019-07-03,"7",11.2606113535764,10.7655
2019-07-03,"8",10.8237732668991,9.3728
2019-07-03,"9",8.55903164632348,8.8494
2019-07-10,"1",27.3757127050519,27.571
2019-07-10,"10",8.62190206444082,8.5525
2019-07-10,"11",8.59754746445861,8.4297
2019-07-10,"2",23.4731814730652,27.3902
2019-07-10,"3",21.9262230379352,25.7954
2019-07-10,"4",21.5894348619771,21.1236
2019-07-10,"5",20.2429556283908,16.0932
2019-07-10,"6",12.9605708558513,12.5341
2019-07-10,"7",11.7176801981081,10.4709
2019-07-10,"8",10.9819189099966,9.3041
2019-07-10,"9",8.89585703157856,8.7907
2019-07-11,"0.1",27.5962130114139,25.7117
2019-07-11,"1",27.3335425178901,27.3463
2019-07-11,"10",8.65321969974848,8.4707
2019-07-11,"11",8.6185446496305,8.4528
2019-07-11,"2",23.4172367111043,27.4726
2019-07-11,"3",22.0218559406184,25.9175
2019-07-11,"4",21.9646480041664,21.2108
2019-07-11,"5",19.9076061080066,16.8678
2019-07-11,"6",13.1156536189281,12.712
2019-07-11,"7",11.7840888264234,10.5685
2019-07-11,"8",10.9611912941624,9.2661
2019-07-11,"9",9.01188945265975,8.7498
2019-07-24,"0.1",25.6483823334596,26.0138
2019-07-24,"1",25.6474285749474,27.0295
2019-07-24,"10",8.86881961265272,8.5503
2019-07-24,"11",8.86914202456229,8.4798
2019-07-24,"2",23.6559288110537,25.7287
2019-07-24,"3",19.8890058692523,25.6653
2019-07-24,"4",19.8890058692523,21.9071
2019-07-24,"5",19.8890058692523,16.7623
2019-07-24,"6",12.9087113787606,13.3267
2019-07-24,"7",11.9435307499327,10.8299
2019-07-24,"8",11.2058077966303,9.3904
2019-07-24,"9",9.05344388355582,8.8789
2019-07-25,"0.1",25.1172364563969,26.2658
2019-07-25,"1",25.0711919359636,26.2474
2019-07-25,"10",8.94272989955545,8.6807
2019-07-25,"11",8.89953577113544,8.463
2019-07-25,"2",21.4961048307776,25.8308
2019-07-25,"3",19.1433046107363,25.6014
2019-07-25,"4",19.1433046107363,22.8695
2019-07-25,"5",18.8411987159618,17.0808
2019-07-25,"6",13.7261505979496,13.9217
2019-07-25,"7",12.2066538620414,11.0167
2019-07-25,"8",11.2686527129625,9.4526
2019-07-25,"9",9.42731621457123,8.8819
2019-08-01,"0.1",26.3751773746147,26.9132
2019-08-01,"1",26.2530263063647,26.7379
2019-08-01,"10",9.0679378023734,8.769
2019-08-01,"11",9.04450466578155,8.714
2019-08-01,"2",22.0829076453595,26.5792
2019-08-01,"3",20.1397225445199,25.6507
2019-08-01,"4",20.1397225445199,22.8162
2019-08-01,"5",19.9489372634685,18.0686
2019-08-01,"6",13.6272633250079,13.4571
2019-08-01,"7",12.4467589784291,11.3305
2019-08-01,"8",11.4959403090488,9.6165
2019-08-01,"9",9.3306721438817,8.97
2019-08-08,"0.1",25.8096365585107,26.9442
2019-08-08,"10",9.47052450120756,8.7824
2019-08-08,"11",9.28375032276871,8.9571
2019-08-08,"2",23.1834676715855,26.7993
2019-08-08,"3",23.1834676715855,26.6975
2019-08-08,"4",22.2308643429153,22.7142
2019-08-08,"5",21.0414612552438,18.4449
2019-08-08,"6",15.6760516611614,13.5378
2019-08-08,"7",13.3235935320297,11.206
2019-08-08,"8",12.1812042485917,9.6973
2019-08-08,"9",10.190953662028,9.1156
2019-08-14,"0.1",27.5452225168019,27.4883
2019-08-14,"1",27.5333937062924,27.3864
2019-08-14,"10",9.34416002707633,8.8182
2019-08-14,"11",9.31200318767209,8.7991
2019-08-14,"2",23.8095892437399,27.2494
2019-08-14,"3",22.9642551150707,26.9558
2019-08-14,"4",22.3379043259317,22.0459
2019-08-14,"5",20.9093871312884,17.7435
2019-08-14,"6",14.4723530802463,14.0387
2019-08-14,"7",13.106363437241,11.6069
2019-08-14,"8",12.0770702042677,10.0269
2019-08-14,"9",9.62908193458584,9.2186
2019-08-22,"0.1",28.1921341757006,30.1973
2019-08-22,"1",27.7602015976586,29.5234
2019-08-22,"10",9.49106318809302,8.975
2019-08-22,"11",9.46664280861886,8.8714
2019-08-22,"2",24.8577445516286,28.6986
2019-08-22,"3",23.6273824952851,28.6148
2019-08-22,"4",23.3877391249428,27.4215
2019-08-22,"5",21.6364274518243,18.5487
2019-08-22,"6",14.3109707371786,15.3216
2019-08-22,"7",13.141547648934,12.1771
2019-08-22,"8",12.2840078876097,10.3736
2019-08-22,"9",9.7556893828381,9.3787
2019-09-04,"0.1",26.4626728062238,28.3132
2019-09-04,"1",26.4611819892556,26.6491
2019-09-04,"10",9.70373159491031,9.111
2019-09-04,"11",9.70001413252071,9.1757
2019-09-04,"2",24.2909656651483,26.1588
2019-09-04,"3",21.9007718871638,25.1227
2019-09-04,"4",21.1113734330496,24.3412
2019-09-04,"5",19.8663001321929,20.0448
2019-09-04,"6",14.1229548672294,15.1333
2019-09-04,"7",13.4150568692158,11.8371
2019-09-04,"8",12.5968774045535,9.892
2019-09-04,"9",9.83017386520041,9.4406
2019-09-20,"0.1",24.6516274397614,23.7523
2019-09-20,"1",24.6515969401217,23.3826
2019-09-20,"10",9.93086488080481,9.1319
2019-09-20,"11",NA,9.1205
2019-09-20,"2",22.7743466418822,23.0575
2019-09-20,"3",21.6049007185756,22.843
2019-09-20,"4",20.8769261991521,22.4368
2019-09-20,"5",18.3422488894446,18.8374
2019-09-20,"6",13.904597882289,14.4786
2019-09-20,"7",13.4541381805906,11.3465
2019-09-20,"8",12.1668525830766,10.0938
2019-09-20,"9",9.97303722129547,9.4688
2019-10-04,"0.1",25.7647202081903,25.8678
2019-10-04,"1",25.7647057196153,25.1493
2019-10-04,"10",10.0824775464605,9.2809
2019-10-04,"11",NA,9.3431
2019-10-04,"2",23.2766007781719,24.774
2019-10-04,"3",21.7141429653969,22.5303
2019-10-04,"4",21.0969422062837,21.2242
2019-10-04,"5",16.6303211921949,16.6822
2019-10-04,"6",13.7546388223893,14.278
2019-10-04,"7",13.6882919968845,11.3261
2019-10-04,"8",11.087763641257,10.0712
2019-10-04,"9",10.0806835921659,9.4669
2019-10-07,"10",10.1060336027659,9.2377
2019-10-07,"11",NA,9.2377
2019-10-07,"3",21.2077366210882,21.2095
2019-10-07,"4",16.6202430961956,20.9557
2019-10-07,"5",15.3908318422068,16.8248
2019-10-07,"6",13.776526285684,13.9193
2019-10-07,"7",13.7331903661669,11.0672
2019-10-07,"8",10.8913593686669,10.0061
2019-10-07,"9",10.1053042793378,9.5091
2019-10-18,"0.1",16.3913706075557,15.549
2019-10-18,"1",16.390690098281,15.4716
2019-10-18,"10",7.03826928706021,9.3056
2019-10-18,"11",NA,9.3056
2019-10-18,"2",14.8850292610703,15.4268
2019-10-18,"3",11.2955994353102,15.4186
2019-10-18,"4",10.7415214090896,15.3841
2019-10-18,"5",7.03826928706021,15.376
2019-10-18,"6",7.03826928706021,15.3327
2019-10-18,"7",7.03826928706021,14.2056
2019-10-18,"8",7.03826928706021,9.8909
2019-10-18,"9",7.03826928706021,9.538
2019-10-28,"0.1",15.3813740257268,14.8336
2019-10-28,"10",9.28363668311939,9.3228
2019-10-28,"11",NA,9.3228
2019-10-28,"2",12.6934102228293,14.6984
2019-10-28,"3",12.6934102228293,14.5723
2019-10-28,"4",10.790449142905,14.5014
2019-10-28,"5",10.078155205084,14.2945
2019-10-28,"6",9.66533938738214,14.1368
2019-10-28,"7",9.66533938738214,13.8396
2019-10-28,"8",9.51727377228967,11.6501
2019-10-28,"9",9.28363668311939,9.6618
2019-11-15,"0.1",8.30036639356234,8.146
2019-11-15,"1",9.87444776947392,8.1309
2019-11-15,"10",7.65503525199827,8.0636
2019-11-15,"11",NA,8.0636
2019-11-15,"2",9.87444776947392,8.1249
2019-11-15,"3",9.87444776947392,8.1219
2019-11-15,"4",9.87444776947392,8.1032
2019-11-15,"5",9.87444776947392,8.0794
2019-11-15,"6",9.87444776563707,8.075
2019-11-15,"7",9.8744412454397,8.0743
2019-11-15,"8",9.76256469877512,8.072
2019-11-15,"9",7.65503525199827,8.0578
2019-12-06,"0.1",0.220117293934616,5.075
2019-12-06,"1",4.95385435329937,5.0431
2019-12-06,"10",4.95385435329937,4.9797
2019-12-06,"11",NA,4.9797
2019-12-06,"2",4.95385435329937,5.0569
2019-12-06,"3",4.95385435329937,5.0465
2019-12-06,"4",4.95385435329937,5.0178
2019-12-06,"5",4.95385435329937,5.0222
2019-12-06,"6",4.95385435329937,5.0074
2019-12-06,"7",4.95385435329937,5.004
2019-12-06,"8",4.95385435329937,4.9793
2019-12-06,"9",4.95385435329937,4.9815
2020-03-16,"0.1",11.5484927180231,9.2
2020-03-16,"1",11.5438998650339,9.2
2020-03-16,"10",3.86649530700364,6.1
2020-03-16,"2",9.10699187232427,9.1
2020-03-16,"3",8.27841948880809,8.1
2020-03-16,"4",8.26981320905452,7.4
2020-03-16,"5",6.6051654772163,7
2020-03-16,"6",3.86649530700364,6.7
2020-03-16,"7",3.86649530700364,6.5
2020-03-16,"8",3.86649530700364,6.2
2020-03-16,"9",3.86649530700364,6.1
2020-05-14,"0.1",16.7739878692695,15.1
2020-05-14,"1",16.7681431074736,14.8
2020-05-14,"10",7.90412359322455,8.5
2020-05-14,"11",7.84585928313657,8.2
2020-05-14,"2",16.5173995009781,14.6
2020-05-14,"3",14.779990696122,14.1
2020-05-14,"4",12.9597476427647,13.5
2020-05-14,"5",11.3726676877997,13.4
2020-05-14,"6",10.0003574657097,13.3
2020-05-14,"7",9.77103293172424,13.1
2020-05-14,"8",9.61577849252796,12.5
2020-05-14,"9",8.08287036438351,9.6
2020-06-04,"0.1",22.8929867925074,24.7
2020-06-04,"1",22.8771119492891,24.5
2020-06-04,"10",8.47151079334244,10
2020-06-04,"11",8.14468421795277,9.9
2020-06-04,"2",18.0230642097205,23
2020-06-04,"3",14.8198706975994,19.1
2020-06-04,"4",13.7089802949208,16.4
2020-06-04,"5",13.2643080251558,14.5
2020-06-04,"6",12.8148093785477,13.8
2020-06-04,"7",11.2647633509227,13.1
2020-06-04,"8",10.7532632781327,12.4
2020-06-04,"9",10.0650533626948,10.7
2020-06-18,"0.1",18.5966898631431,20.0897
2020-06-18,"1",18.5491957677198,19.5206
2020-06-18,"10",12.034269675459,9.798
2020-06-18,"11",9.75135079553749,9.3461
2020-06-18,"2",15.9629297363557,19.2318
2020-06-18,"3",13.8962734826301,17.7374
2020-06-18,"4",13.5290517590044,16.1557
2020-06-18,"5",13.5290517590044,14.6602
2020-06-18,"6",13.5290517590044,13.5287
2020-06-18,"7",13.5290517590044,12.7136
2020-06-18,"8",13.5198664892218,11.7538
2020-06-18,"9",13.5198664892218,10.5665
2020-06-25,"0.1",22.0586197415958,24.6161
2020-06-25,"1",22.029865103716,24.3823
2020-06-25,"10",9.985149569073,9.9804
2020-06-25,"11",8.89432402567901,9.6665
2020-06-25,"2",18.9845012216623,20.7512
2020-06-25,"3",16.6555540424675,18.5491
2020-06-25,"4",15.6887710634339,16.6826
2020-06-25,"5",15.0458423889869,15.1222
2020-06-25,"6",14.9973936478039,13.9054
2020-06-25,"7",13.4954572670203,12.8553
2020-06-25,"8",12.5569629723378,11.6721
2020-06-25,"9",11.3852754246335,10.5136
2020-07-02,"0.1",26.3967531841161,26.4534
2020-07-02,"1",26.3946913364535,26.3156
2020-07-02,"10",8.79450691416883,9.7855
2020-07-02,"11",8.47807347544281,9.374
2020-07-02,"2",25.1814195676471,22.5372
2020-07-02,"3",21.2611146624731,18.6208
2020-07-02,"4",19.0938046415974,16.4142
2020-07-02,"5",18.0913997188596,14.9596
2020-07-02,"6",16.5711629000813,14.1206
2020-07-02,"7",12.3431239919559,12.6717
2020-07-02,"8",11.6099726007288,11.7048
2020-07-02,"9",10.6091498725656,10.7385
2020-07-09,"0.1",30.5690628282605,28.0134
2020-07-09,"1",30.5256541490732,27.8373
2020-07-09,"10",8.61628874303657,9.7208
2020-07-09,"11",8.58359094405683,9.405
2020-07-09,"2",29.7601610038407,24.0356
2020-07-09,"3",24.6271529703641,20.3338
2020-07-09,"4",22.0466262532836,16.7002
2020-07-09,"5",21.0806916708793,14.8293
2020-07-09,"6",16.6843608038797,13.6285
2020-07-09,"7",11.5780678659051,12.4454
2020-07-09,"8",11.3072658434494,11.2109
2020-07-09,"9",10.1523002638864,10.1069
2020-07-17,"0.1",29.9410652016709,27.861
2020-07-17,"1",29.9408897167308,27.9057
2020-07-17,"10",8.83833881115551,9.8878
2020-07-17,"11",8.74530724503116,9.3757
2020-07-17,"2",27.270483145804,27.3551
2020-07-17,"3",22.2293499369332,24.1218
2020-07-17,"4",20.6159647687513,20.9091
2020-07-17,"5",20.1483291455494,16.1029
2020-07-17,"6",17.3266090427825,14.9824
2020-07-17,"7",12.0181149119103,13.0777
2020-07-17,"8",11.4169321184189,11.769
2020-07-17,"9",10.2604742134632,10.493
2020-07-23,"0.1",30.5830385940865,27.2717
2020-07-23,"1",30.4041706920935,27.4803
2020-07-23,"10",9.02526619369564,9.8893
2020-07-23,"11",8.86878332405522,9.7052
2020-07-23,"2",24.7811627014078,27.4563
2020-07-23,"3",21.0842394341661,21.5853
2020-07-23,"4",19.6556212442899,18.7284
2020-07-23,"5",19.6173936033522,14.8068
2020-07-23,"6",17.207928156787,13.296
2020-07-23,"7",12.4304274384894,12.3508
2020-07-23,"8",11.5892093698837,11.1716
2020-07-23,"9",10.525851406967,10.1417
2020-07-30,"0.1",28.545388945465,28.3896
2020-07-30,"1",28.5097911075431,28.1439
2020-07-30,"10",9.27768296810089,9.7138
2020-07-30,"11",9.03396012207527,9.3588
2020-07-30,"2",23.3569397744654,25.7363
2020-07-30,"3",21.0746834467502,22.7603
2020-07-30,"4",20.1871116175893,17.9992
2020-07-30,"5",20.0528227352052,14.3555
2020-07-30,"6",16.9690103020207,12.9718
2020-07-30,"7",13.2922080868622,11.8655
2020-07-30,"8",12.1016185177325,10.8606
2020-07-30,"9",10.679561188922,9.9755
2020-08-06,"0.1",26.5413466444761,26.1451
2020-08-06,"1",26.5141035913743,26.3804
2020-08-06,"10",9.56669645327631,9.6113
2020-08-06,"11",9.2206678519158,9.5718
2020-08-06,"2",22.4531231712864,26.1145
2020-08-06,"3",21.1097614837738,22.8961
2020-08-06,"4",20.4781097192813,17.6654
2020-08-06,"5",20.4280076407588,14.389
2020-08-06,"6",16.9696139822015,12.9708
2020-08-06,"7",13.6261000770881,11.9168
2020-08-06,"8",12.3976389117408,10.7872
2020-08-06,"9",10.9289475317633,10.1436
2020-08-12,"0.1",28.706967896095,27.9247
2020-08-12,"1",28.6983766640172,27.6064
2020-08-12,"10",9.39865496185191,9.7448
2020-08-12,"11",9.29122084889402,9.5
2020-08-12,"2",24.5349641485789,27.2275
2020-08-12,"3",22.4958560061764,24.438
2020-08-12,"4",21.977953186646,17.3591
2020-08-12,"5",21.7573911196026,14.5558
2020-08-12,"6",16.2456973135026,12.7559
2020-08-12,"7",13.2853271750511,11.6416
2020-08-12,"8",12.333906153124,10.6276
2020-08-12,"9",10.4756085040079,10.1148
2020-08-20,"0.1",25.65176856987,24.9584
2020-08-20,"1",25.2805048703568,24.8467
2020-08-20,"10",9.72294572839848,9.9426
2020-08-20,"11",9.47799865904033,9.7342
2020-08-20,"2",23.4404977054431,24.8171
2020-08-20,"3",22.0481547553753,23.2013
2020-08-20,"4",21.7886423447191,18.6537
2020-08-20,"5",21.5592148248069,14.6251
2020-08-20,"6",16.3652892328187,12.5187
2020-08-20,"7",14.0591200968305,11.4261
2020-08-20,"8",12.8385636002327,10.6151
2020-08-20,"9",11.0147860522683,10.3894
2020-08-26,"0.1",28.0932295771862,25.8021
2020-08-26,"1",28.0917884903962,25.7802
2020-08-26,"10",9.57603719629254,10.0609
2020-08-26,"11",9.5545412892683,9.8931
2020-08-26,"2",25.6201852200318,25.4237
2020-08-26,"3",23.4360687537022,23.8891
2020-08-26,"4",23.2111748763908,19.3435
2020-08-26,"5",22.6390807513188,15.1109
2020-08-26,"6",14.7265040772787,12.9104
2020-08-26,"7",13.4247827422691,11.3952
2020-08-26,"8",12.7035504554673,10.7989
2020-08-26,"9",10.3318575997075,10.5952
2020-09-03,"0.1",26.4404363148929,26.4027
2020-09-03,"1",25.716390026704,26.1361
2020-09-03,"10",10.6886883513047,9.8237
2020-09-03,"11",10.0503419378871,9.8453
2020-09-03,"2",21.7345041797461,25.3445
2020-09-03,"3",21.7091509842876,24.1574
2020-09-03,"4",20.8840656369095,18.534
2020-09-03,"5",20.0676949341975,15.5098
2020-09-03,"6",17.3802595275226,13.153
2020-09-03,"7",14.7096803779904,11.7036
2020-09-03,"8",13.2739272777307,10.3769
2020-09-03,"9",12.1120839803844,10.0894
2020-09-16,"0.1",25.0791394741251,22.5514
2020-09-16,"1",25.0791292702253,22.5778
2020-09-16,"10",9.9115462662295,9.8806
2020-09-16,"11",9.89505764083929,9.814
2020-09-16,"2",23.9763071884022,22.5698
2020-09-16,"3",21.6962449444246,22.5316
2020-09-16,"4",21.0080534528464,19.152
2020-09-16,"5",17.8025029249399,15.5194
2020-09-16,"6",15.2094723621264,13.0901
2020-09-16,"7",13.7742244765904,11.765
2020-09-16,"8",13.1341340257474,10.8346
2020-09-16,"9",10.5176805944612,10.3054
2020-10-01,"0.1",19.2837692643624,18.1115
2020-10-01,"1",19.2553083225588,18.0832
2020-10-01,"10",10.5445256370554,10.1179
2020-10-01,"11",10.2963822488987,10.1032
2020-10-01,"2",17.3817698816864,18.0294
2020-10-01,"3",15.8287898981696,18.0105
2020-10-01,"4",12.5774796427757,17.9802
2020-10-01,"5",11.8697334947686,16.6954
2020-10-01,"6",11.8697334947686,13.611
2020-10-01,"7",11.8697334947686,11.5555
2020-10-01,"8",11.8697334947686,10.7698
2020-10-01,"9",11.4086984411497,10.2478
2020-10-14,"0.1",19.2404688512609,17.1977
2020-10-14,"1",18.9791437644358,17.1515
2020-10-14,"10",10.3142239409501,10.3762
2020-10-14,"11",10.2279404199231,10.3925
2020-10-14,"2",16.1187110624193,17.1168
2020-10-14,"3",15.1484245925569,17.1027
2020-10-14,"4",13.657484001662,17.0915
2020-10-14,"5",13.657484001662,17.0132
2020-10-14,"6",13.657484001662,14.8441
2020-10-14,"7",12.9759704116073,12.1277
2020-10-14,"8",12.933537948562,11.0996
2020-10-14,"9",10.6833994943712,10.5277
2020-10-26,"0.1",18.2657076698975,17.0522
2020-10-26,"1",18.2657076688975,16.926
2020-10-26,"10",10.080242479628,10.5529
2020-10-26,"11",10.080242479628,10.3665
2020-10-26,"2",17.3510314910447,16.4678
2020-10-26,"3",15.0447508892467,15.4618
2020-10-26,"4",12.0138695932425,15.3544
2020-10-26,"5",11.5477045343607,15.0872
2020-10-26,"6",11.4996642555465,14.272
2020-10-26,"7",11.501303874039,12.2821
2020-10-26,"8",11.501303874039,10.9383
2020-10-26,"9",10.0900398713381,10.7423
2020-11-10,"0.1",13.9867764036011,14.1287
2020-11-10,"1",13.9838215294146,13.5439
2020-11-10,"10",9.56591135537766,11.3374
2020-11-10,"11",9.56591135537766,11.3094
2020-11-10,"2",13.1129147803133,12.2457
2020-11-10,"3",10.600512078999,11.9534
2020-11-10,"4",10.1420876231051,11.8845
2020-11-10,"5",10.0231925264209,11.8285
2020-11-10,"6",10.0231925264209,11.7651
2020-11-10,"7",10.0231925264209,11.6232
2020-11-10,"8",10.0231925264209,11.5277
2020-11-10,"9",9.56591135537766,11.4398
2021-03-08,"0.1",-0.251944569693603,5.8511
2021-03-08,"1",5.12944799321374,5.9397
2021-03-08,"10",5.08369889630049,5.5617
2021-03-08,"11",5.08369889630049,5.5675
2021-03-08,"2",5.22507632345636,5.6764
2021-03-08,"3",5.15850097995497,5.5761
2021-03-08,"4",5.08369889630049,5.5701
2021-03-08,"5",5.08369889630049,5.5629
2021-03-08,"6",5.08369889630049,5.5555
2021-03-08,"7",5.08369889630049,5.5534
2021-03-08,"8",5.08369889630049,5.5578
2021-03-08,"9",5.08369889630049,5.5618
2021-03-31,"0.1",11.6485307635968,12.259
2021-03-31,"1",11.6476113422856,11.6958
2021-03-31,"10",6.98110058793823,6.4662
2021-03-31,"11",6.98110058793823,6.4662
2021-03-31,"2",11.4176759641406,11.4806
2021-03-31,"3",9.31267760603355,10.6054
2021-03-31,"4",7.80386994021918,10.0124
2021-03-31,"5",7.80386994021918,8.6105
2021-03-31,"6",7.02237919877325,7.4149
2021-03-31,"7",7.02237919877325,6.7814
2021-03-31,"8",7.02237919877325,6.4628
2021-03-31,"9",6.99415725676316,6.4374
2021-04-05,"0.1",10.3051544342913,11.0062
2021-04-05,"1",10.3029632609408,10.267
2021-04-05,"10",5.18672564201092,8.4227
2021-04-05,"11",5.18672564201092,8.4364
2021-04-05,"2",9.99725662692648,10.0986
2021-04-05,"3",8.02488988379924,9.4259
2021-04-05,"4",5.89862146806108,9.3044
2021-04-05,"5",5.32417016550629,9.1954
2021-04-05,"6",5.18672564201092,9.0367
2021-04-05,"7",5.18672564201092,8.878
2021-04-05,"8",5.18672564201092,8.572
2021-04-05,"9",5.18672564201092,8.5059
2021-05-03,"0.1",17.9989799660772,16.5632
2021-05-03,"1",17.9933891821873,16.1312
2021-05-03,"10",7.83494484508189,8.5004
2021-05-03,"11",7.80050961913308,8.5256
2021-05-03,"2",16.6183054200854,15.7261
2021-05-03,"3",13.8945491626223,14.7478
2021-05-03,"4",12.0026347331858,12.7922
2021-05-03,"5",11.4163446042171,10.3115
2021-05-03,"6",10.269083363903,9.715
2021-05-03,"7",9.66805837547772,9.1427
2021-05-03,"8",9.34696104344654,8.8374
2021-05-03,"9",8.21317165561604,8.6069
2021-05-14,"0.1",17.3027537174211,17.2116
2021-05-14,"1",17.2997594567701,17.0242
2021-05-14,"10",7.9781106574197,8.5886
2021-05-14,"11",7.85016583057717,8.3891
2021-05-14,"2",15.9780549216135,16.7705
2021-05-14,"3",13.2855455266615,16.2852
2021-05-14,"4",11.8144714888612,15.0163
2021-05-14,"5",10.4283298867315,12.3379
2021-05-14,"6",10.300206483976,10.1873
2021-05-14,"7",10.1850556308142,9.4611
2021-05-14,"8",10.0207261363426,9.0527
2021-05-14,"9",8.6263771960128,8.797
2021-05-31,"0.1",22.6607278984331,20.6051
2021-05-31,"1",22.6607278984229,20.6332
2021-05-31,"10",7.96745607847715,8.5811
2021-05-31,"11",7.96790967130887,8.5297
2021-05-31,"2",22.6607153489009,20.6084
2021-05-31,"3",19.003176278453,20.6114
2021-05-31,"4",17.4214856414177,16.4212
2021-05-31,"5",16.4559829198166,12.7053
2021-05-31,"6",11.1822929884562,10.619
2021-05-31,"7",10.3435789395549,9.5527
2021-05-31,"8",10.2185012062784,9.1004
2021-05-31,"9",8.11061036248385,8.789
2021-06-15,"0.1",28.7543122561095,26.1
2021-06-15,"1",28.6774355041803,26.1
2021-06-15,"2",26.0912406326643,25.9
2021-06-15,"3",22.2502188393596,25.9
2021-06-15,"4",20.4662362929129,21.1
2021-06-15,"5",19.6457849283673,16.7
2021-06-15,"6",11.5764425269803,13.6
2021-06-15,"7",10.5645356572557,11.7
2021-06-16,"0.1",27.3330009395278,24.8113
2021-06-16,"1",27.3329924713577,24.4963
2021-06-16,"10",8.17155074288418,8.8564
2021-06-16,"11",8.1729334560659,8.643
2021-06-16,"2",25.7208897880987,24.8608
2021-06-16,"3",22.225508643342,24.8438
2021-06-16,"4",20.5995260093291,17.9073
2021-06-16,"5",19.6823139809662,14.5523
2021-06-16,"6",11.7811522647279,12.2039
2021-06-16,"7",10.5891416418218,10.5546
2021-06-16,"8",10.4846661464287,9.226
2021-06-16,"9",8.41796788888206,8.9873
2021-06-28,"0.1",28.267191035544,25.5926
2021-06-28,"1",28.0080232771812,25.3398
2021-06-28,"10",8.37211023819307,8.8374
2021-06-28,"11",8.36670854552136,8.7823
2021-06-28,"2",20.6513364583207,24.6922
2021-06-28,"3",20.4429117370423,23.913
2021-06-28,"4",19.0247576885571,20.7546
2021-06-28,"5",18.0343743685733,14.7389
2021-06-28,"6",12.8810876866319,12.4189
2021-06-28,"7",11.0601710782653,10.9048
2021-06-28,"8",10.649700263079,9.5719
2021-06-28,"9",8.72932918683121,9.135
2021-07-12,"0.1",28.7628811413736,27.7706
2021-07-12,"1",28.6608845750114,26.8756
2021-07-12,"10",8.63619517434643,8.9562
2021-07-12,"11",8.62963228320172,8.9036
2021-07-12,"2",23.7893032662409,25.7852
2021-07-12,"3",22.2289995930535,24.7874
2021-07-12,"4",21.6058860324718,21.3953
2021-07-12,"5",20.1075036702108,15.6127
2021-07-12,"6",13.0171482411265,11.9314
2021-07-12,"7",11.6248675188624,10.1884
2021-07-12,"8",11.1114726329549,9.4002
2021-07-12,"9",8.86337728061923,9.1523
2021-07-26,"0.1",29.9941063120665,27.2402
2021-07-26,"1",29.3879534841058,27.2441
2021-07-26,"10",8.90225841507054,8.95
2021-07-26,"11",8.90401609973805,8.9541
2021-07-26,"2",24.9621445908744,27.152
2021-07-26,"3",23.0291753713077,24.3477
2021-07-26,"4",21.365343402431,20.7524
2021-07-26,"5",21.2138990570729,15.5721
2021-07-26,"6",12.6094913813398,12.2376
2021-07-26,"7",11.7305915260354,10.5409
2021-07-26,"8",11.50290384619,9.4983
2021-07-26,"9",8.96167620426447,9.2417
2021-08-09,"0.1",28.6954478364627,27
2021-08-09,"1",28.1901392309723,26.7
2021-08-09,"2",26.1206263312206,25.9
2021-08-09,"3",23.2764499714701,25.5
2021-08-09,"4",22.3103899360242,24
2021-08-23,"0.1",24.5110661059828,26.6
2021-08-23,"1",23.8538709981898,26.6
2021-08-23,"10",10.3888628027493,9.7
2021-08-23,"11",9.94770713941314,9.4
2021-08-23,"2",19.2532319594583,26.6
2021-08-23,"3",17.6944284240339,26.6
2021-08-23,"4",17.2601031518152,24.3
2021-08-23,"5",17.2601031518152,20.5
2021-08-23,"6",16.2859360244014,15.4
2021-08-23,"7",15.0479388658945,12.7
2021-08-23,"8",13.499314598869,11.1
2021-08-23,"9",11.3857811000469,10.1
2021-09-06,"0.1",24.689779459455,24.7
2021-09-06,"1",23.4058830548783,24.8
2021-09-06,"10",10.1206701561506,9.9
2021-09-06,"11",9.87380283543702,9.9
2021-09-06,"2",18.9376063490104,24.8
2021-09-06,"3",17.1404087652861,24.8
2021-09-06,"4",16.170979781425,24.1
2021-09-06,"5",16.170979781425,18.8
2021-09-06,"6",15.0237004576562,16.3
2021-09-06,"7",14.2023621293013,13.1
2021-09-06,"8",12.9980600144851,10.8
2021-09-06,"9",10.8400630178316,10.1
2021-09-21,"0.1",25.9334554225624,22.7
2021-09-21,"1",25.931355615841,23
2021-09-21,"10",9.94294246446425,9.8
2021-09-21,"11",NA,9.6
2021-09-21,"2",23.1363525379373,23
2021-09-21,"3",20.5204090528284,23
2021-09-21,"4",17.9734621797448,23
2021-09-21,"5",16.6513216367627,19
2021-09-21,"6",13.9362520179716,14.9
2021-09-21,"7",13.56730599628,12.6
2021-09-21,"8",12.9642465816178,10.9
2021-09-21,"9",9.9879369190463,10.2
2021-10-12,"0.1",19.493279441018,20.1
2021-10-12,"1",19.4887908570677,19.9
2021-10-12,"10",10.1998955106524,10
2021-10-12,"11",10.1557804009334,9.8
2021-10-12,"2",16.934769041257,19.8
2021-10-12,"3",15.0546695885772,19.7
2021-10-12,"4",14.0752464899775,19.7
2021-10-12,"5",12.9529972674212,19.4
2021-10-12,"6",12.7411601977266,16.7
2021-10-12,"7",12.5018308595449,13.4
2021-10-12,"8",12.4738221175333,11.5
2021-10-12,"9",10.3996161727992,10.3
2021-10-26,"0.1",18.4733280818467,16.3
2021-10-26,"1",18.4721161269164,16.3
2021-10-26,"10",10.2001253582307,10.3
2021-10-26,"2",18.2131879100523,16.3
2021-10-26,"3",16.104805350863,16.3
2021-10-26,"4",13.6653259894101,16.3
2021-10-26,"5",11.9891348907537,16.3
2021-10-26,"6",11.0006877852552,16.3
2021-10-26,"7",10.9039330886022,16.3
2021-10-26,"8",10.7536772879358,16.3
2021-10-26,"9",10.2232405687152,10.6
2021-11-09,"0.1",11.9078328180662,11.8
2021-11-09,"1",11.9078311478473,11.5
2021-11-09,"10",8.25476827727461,10.9
2021-11-09,"11",NA,10.8
2021-11-09,"2",11.9037240595827,11.4
2021-11-09,"3",11.5891875774574,11.4
2021-11-09,"4",11.4783150811901,11.4
2021-11-09,"5",11.4101297221077,11.3
2021-11-09,"6",11.328445778147,11.2
2021-11-09,"7",10.9737463307555,11.2
2021-11-09,"8",9.6518002955489,11.2
2021-11-09,"9",8.25476827727461,11.1
2021-11-22,"0.1",8.43999849847127,8.6
2021-11-22,"1",9.70553461635774,8.5
2021-11-22,"2",9.70553447330018,8.5
2021-11-22,"3",9.70544860899086,8.5
2021-11-22,"4",9.56960661483892,8.5
2021-11-22,"5",9.56960661483892,8.5
2021-11-22,"6",9.56960661483892,8.5
2021-11-22,"7",9.56960661483892,8.4
2021-11-22,"8",9.12472092029773,8.5
2021-11-22,"9",6.54427869923346,8.5
2021-12-06,"0.1",10.6918121820559,7
2021-12-06,"1",10.6918121820559,6.7
2021-12-06,"10",9.63681412920667,6.3
2021-12-06,"2",10.6918121820559,6.5
2021-12-06,"3",10.6918121820559,6.5
2021-12-06,"4",10.6918121820559,6.5
2021-12-06,"5",10.6918121820559,6.4
2021-12-06,"6",10.6918121736137,6.4
2021-12-06,"7",10.6917591003016,6.4
2021-12-06,"8",10.1903294451464,6.4
2021-12-06,"9",9.92521955850653,6.3
2022-01-26,"0.1",-1.5148458515984,2.8
2022-01-26,"1",6.08462671703725,2.7
2022-01-26,"10",5.83676973347041,2.8
2022-01-26,"2",5.83676973347041,2.7
2022-01-26,"3",5.83676973347041,2.7
2022-01-26,"4",5.83676973347041,2.7
2022-01-26,"5",5.83676973347041,2.7
2022-01-26,"6",5.83676973347041,2.7
2022-01-26,"7",5.83676973347041,2.7
2022-01-26,"8",5.83676973347041,2.7
2022-01-26,"9",5.83676973347041,2.7
2022-02-24,"0.1",7.15159495205198,5.1364
2022-02-24,"1",6.43225384965713,5.354
2022-02-24,"10",5.32725773752243,4.9517
2022-02-24,"11",NA,4.9517
2022-02-24,"2",5.47878614926483,5.332
2022-02-24,"3",5.39937897196057,5.2743
2022-02-24,"4",5.34504655764681,5.1654
2022-02-24,"5",5.32725773752243,5.1158
2022-02-24,"6",5.32725773752243,5.0591
2022-02-24,"7",5.32725773752243,4.9988
2022-02-24,"8",5.32725773752243,4.9729
2022-02-24,"9",5.32725773752243,4.9626
2022-03-22,"0.1",10.0302526432742,12.1508
2022-03-22,"1",9.95586938190659,11.5388
2022-03-22,"10",5.60878378632941,7.1956
2022-03-22,"11",NA,7.1956
2022-03-22,"2",8.82053912968263,10.5888
2022-03-22,"3",8.50348405546196,10.4167
2022-03-22,"4",8.3749581328179,9.8075
2022-03-22,"5",8.3727758344028,9.5291
2022-03-22,"6",8.29744400027592,8.1416
2022-03-22,"7",8.03435614194906,7.6095
2022-03-22,"8",6.2972036693075,7.3647
2022-03-22,"9",5.60878378632941,7.1981
2022-04-12,"0.1",11.9087837539815,14.7876
2022-04-12,"1",11.6635832243969,13.613
2022-04-12,"10",5.09472410003583,8.8279
2022-04-12,"11",NA,8.8279
2022-04-12,"2",10.3845547416967,10.7332
2022-04-12,"3",7.22246120068241,10.4828
2022-04-12,"4",6.43980819698055,10.2402
2022-04-12,"5",5.38704016575727,10.1045
2022-04-12,"6",5.22394034127,9.72
2022-04-12,"7",5.09472410003583,9.2709
2022-04-12,"8",5.09472410003583,9.2084
2022-04-12,"9",5.09472410003583,9.059
2022-05-02,"0.1",16.0668517219887,16.083
2022-05-02,"1",16.0357041808877,15.483
2022-05-02,"10",7.79813570699845,9.3584
2022-05-02,"11",NA,9.3584
2022-05-02,"2",13.4318473658955,15.454
2022-05-02,"3",11.3429452176064,15.4188
2022-05-02,"4",10.0329197856962,13.9056
2022-05-02,"5",9.55935891793083,11.3033
2022-05-02,"6",9.21474867509462,10.5695
2022-05-02,"7",9.09123496261932,9.705
2022-05-02,"8",8.08546245669097,9.4939
2022-05-02,"9",7.79892375854821,9.3524
